URL,Season,Average Rating,Defending - Aerial duels won,Defending - Aerial duels won %,Defending - Blocked,Defending - Dribbled past,Defending - Duels won,Defending - Duels won %,Defending - Fouls committed,Defending - Interceptions,Defending - Penalties conceded,Defending - Possession won final 3rd,Defending - Recoveries,Defending - Tackles won,Defending - Tackles won %,Discipline - Red cards,Discipline - Yellow cards,Minutes Played,Passing - Accurate long balls,Passing - Assists,Passing - Chances created,Passing - Cross accuracy,Passing - Long ball accuracy,Passing - Pass accuracy,Passing - Successful crosses,Passing - Successful passes,Possession - Dispossessed,Possession - Dribble success,Possession - Fouls won,Possession - Penalties awarded,Possession - Successful dribbles,Possession - Touches,Possession - Touches in opposition box,ShootingRank - Goals,ShootingRank - Penalty goals,ShootingRank - Shots,ShootingRank - Shots on target,Trait - Aerial duels won,Trait - Chances created,Trait - Defensive actions,Trait - Goals,Trait - Shot attempts,Trait - Touches
https://www.fotmob.com/players/603537/angelino,2017/18,7.21,0.38,41.90%,0.18,0.41,3.97,54.90%,0.62,1.71,,0.35,6.74,0.59,74.10%,0,0.09,"3,060",3.88,0.18,2.44,33.50%,47.30%,76.30%,2.21,32.71,0.74,62.20%,1.15,,1.65,73.71,0.97,0.09,,0.88,0.41,56%,92%,30%,81%,58%,62%
https://www.fotmob.com/players/408943/takumi-minamino,2017/18,6.82,,,,1.38,5.54,33.30%,1.38,1.38,,,4.15,4.15,100.00%,0,0,65,,0,2.77,,,68.80%,,15.23,4.15,50.00%,,,1.38,41.54,2.77,0,,1.38,,65%,47%,48%,63%,52%,14%
https://www.fotmob.com/players/919435/sepp-van-den-berg,2017/18,6.51,1.36,35.00%,,0.78,4.09,47.70%,1.17,0.97,,,6.04,1.56,80.00%,0,0.39,462,2.92,0.19,0.39,100.00%,46.90%,83.00%,0.19,43.64,0.19,,0.78,,,64.09,0.97,0,,0.58,,90%,32%,42%,0%,66%,24%
https://www.fotmob.com/players/422685/bruno-fernandes,2017/18,7.55,0.74,51.10%,0.61,1.16,6.29,51.30%,1.22,1,,0.48,5.33,1.54,77.40%,0,0.19,"2,804",3.15,0.26,2.31,23.50%,53.80%,75.00%,1.64,37.01,1.93,57.90%,2.21,,1.41,75.01,3.21,0.35,0.06,2.92,1.12,70%,96%,87%,70%,82%,97%
https://www.fotmob.com/players/564818/steven-bergwijn,2017/18,7.3,0.12,9.70%,0.99,0.91,5.97,46.90%,1.04,0.29,,0.37,4.27,0.79,65.50%,0,0.21,"2,172",0.66,0.29,2.36,34.80%,43.20%,83.80%,0.66,24.82,2.07,64.60%,1.62,0.08,3.02,51.46,4.39,0.33,,3.07,1.16,13%,58%,13%,96%,81%,63%
https://www.fotmob.com/players/292313/raul-jimenez,2017/18,6.92,4.65,50.00%,0.93,0.28,8,47.00%,1.77,0.37,,1.02,3.44,0.65,63.60%,0,0.28,967,1.21,0.56,2.33,14.30%,52.00%,69.00%,0.09,22.99,1.86,33.30%,1.86,,0.47,51.84,7.91,0.56,0.09,4.47,1.86,78%,57%,87%,81%,82%,77%
https://www.fotmob.com/players/524435/daniel-podence,2017/18,6.88,,,0.17,0.52,6.64,41.80%,0.7,1.4,,1.05,3.67,1.22,100.00%,0,0,515,0.7,0.52,2.1,30.00%,66.70%,74.40%,1.05,22.89,4.02,52.90%,3.84,0.17,1.57,54.17,4.19,0,,1.57,0.87,10%,91%,11%,27%,45%,58%
https://www.fotmob.com/players/424129/leander-dendoncker,2017/18,6.38,,,,,,,,,,,,,,,,,,,,,,,,,,,,,,,,,,,,95%,6%,88%,38%,56%,81%
https://www.fotmob.com/players/523825/jarrod-bowen,2017/18,7,1.48,35.80%,0.66,1.4,7.07,46.60%,0.82,1.01,,0.49,6.5,1.15,64.60%,0,0.05,"3,283",0.85,0.03,1.12,24.40%,36.00%,73.40%,0.9,21.38,2.28,53.20%,2.74,0.03,1.15,52.03,4.19,0.38,,2.11,0.9,35%,50%,36%,85%,82%,17%
https://www.fotmob.com/players/154280/jordan-ayew,2017/18,6.85,1.64,29.90%,0.82,1.23,9.23,43.90%,1.99,0.76,,0.76,4.44,1.89,73.20%,0.03,0.06,"2,856",0.57,0.06,0.5,11.10%,54.50%,82.60%,0.16,21.74,3.34,59.70%,2.74,,2.33,50.92,3.5,0.22,0.03,2.08,0.66,89%,32%,54%,80%,29%,27%
https://www.fotmob.com/players/532743/philip-billing,2017/18,6.81,2.96,67.60%,0.12,1.66,7.11,55.00%,1.66,2.13,0.12,0.24,8.64,1.89,64.00%,0,0.36,760,1.89,0,0.24,16.70%,40.00%,75.70%,0.24,33.28,0.83,66.70%,0.71,,0.47,61.58,,0,,0.83,0.24,99%,99%,99%,86%,99%,68%
https://www.fotmob.com/players/819215/lloyd-kelly,2017/18,6.78,3.66,67.50%,0.14,0.68,7.05,63.40%,0.27,0.41,,,6.78,0.68,62.50%,0,0,664,1.76,0.14,0.41,30.80%,24.50%,72.10%,0.54,25.89,0.95,76.90%,0.95,,1.36,59.64,0.41,0.14,,0.41,0.27,86%,65%,25%,0%,54%,51%
https://www.fotmob.com/players/494597/josh-brownhill,2017/18,6.97,1.53,44.90%,0.32,0.94,4.82,48.30%,1.29,0.89,,0.42,5.91,0.79,61.50%,0,0.2,"3,638",2.84,0.15,1.11,25.00%,44.40%,76.10%,0.59,36.81,0.84,77.40%,1.01,,1.01,66.03,2.05,0.12,,1.46,0.54,65%,69%,37%,100%,82%,34%
https://www.fotmob.com/players/109491/jay-rodriguez,2017/18,6.79,2.42,47.50%,0.51,1.34,5.13,37.90%,1.37,0.61,,0.64,3.86,0.67,67.70%,0,0.06,"2,823",0.64,0.03,0.67,10.00%,44.40%,72.40%,0.1,16.26,1.98,43.90%,0.92,,0.92,39.28,3.57,0.22,0.03,2.2,0.8,98%,7%,75%,41%,32%,7%
https://www.fotmob.com/players/37194/erik-pieters,2017/18,6.86,1.75,53.50%,,0.89,5.26,50.30%,1.92,2.02,0.03,0.07,5.1,1.56,66.20%,0,0.17,"2,720",1.75,0.03,0.43,20.30%,35.30%,71.60%,0.43,23.69,0.63,50.00%,0.96,,0.3,58.86,0.66,0,,0.1,0.03,,,,,,
https://www.fotmob.com/players/599353/che-adams,2017/18,6.74,1.23,32.80%,1.12,0.29,5.05,38.10%,1.64,0.23,,0.47,4.34,0.59,66.70%,0.06,0.06,"1,533",1.06,0.12,1.17,12.50%,43.90%,67.60%,0.18,13.86,3.05,66.70%,1.17,,1.76,38.98,3.82,0.29,,2.76,1.17,33%,46%,15%,45%,26%,23%
https://www.fotmob.com/players/303346/adam-webster,2017/18,7.03,5.82,64.10%,,0.39,8.97,66.50%,0.79,2.24,,0.04,6.06,0.59,42.90%,0,0.24,"2,287",4.49,0.08,0.12,,33.90%,58.70%,,24.6,0.12,90.50%,1.3,,0.75,61.27,0.63,0,,0.2,,45%,79%,47%,73%,39%,88%
https://www.fotmob.com/players/391064/neal-maupay,2017/18,6.91,0.66,26.60%,0.97,0.81,4.42,34.50%,2.02,0.39,,0.74,2.72,0.62,80.00%,0,0.35,"2,320",0.47,0.16,1.47,,63.20%,80.50%,,18.23,2.83,51.70%,1.86,0.08,1.16,41.2,7.22,0.47,0.04,3.61,1.36,18%,47%,8%,28%,3%,51%
https://www.fotmob.com/players/318615/leandro-trossard,2017/18,6.91,,,,,,,,,,,,,,,,,,,,,,,,,,,,,,,,,,,,19%,41%,21%,51%,71%,47%
https://www.fotmob.com/players/231592/aaron-mooy,2017/18,7.02,0.97,45.80%,0.44,0.94,4.86,50.90%,0.76,1.11,,0.7,7.8,1.76,58.80%,0,0.15,"3,071",2.99,0.09,1.47,20.00%,50.00%,79.50%,1.08,44.34,1.67,64.00%,0.47,,0.47,74.41,0.85,0.12,0.03,0.85,0.21,,,,,,
https://www.fotmob.com/players/540963/sander-berge,2017/18,7.17,,,,,,,,,,,,,,,,,,,,,,,,,,,,,,,,,,,,74%,36%,49%,0%,1%,66%
https://www.fotmob.com/players/509151/oliver-mcburnie,2017/18,6.9,7.36,52.40%,0.33,0.67,10.37,48.40%,1.34,,,0.33,3.35,1,75.00%,0,0,269,,0.33,0.33,,,68.70%,,22.75,2.34,100.00%,1.34,,0.33,47.51,4.35,0,,1.67,1,86%,77%,72%,20%,24%,48%
https://www.fotmob.com/players/504085/callum-robinson,2017/18,6.93,0.53,15.60%,1.09,1.61,4.31,34.10%,0.49,0.81,,0.7,5.43,0.74,75.00%,0,0.04,"2,568",1.02,0.25,1.54,25.80%,39.70%,71.10%,1.16,20.57,2.49,65.40%,0.95,,1.86,51.76,4.49,0.25,,3.29,1.05,8%,58%,3%,79%,64%,47%
https://www.fotmob.com/players/106954/luke-freeman,2017/18,7.19,0.73,34.10%,1.05,1.08,6.97,44.70%,1.5,0.87,,0.73,6.62,0.98,59.20%,0,0.21,"3,848",1.47,0.28,2.57,28.60%,42.30%,76.10%,2.48,27.08,2.88,63.10%,1.45,,3.16,67.1,2.99,0.12,,2.53,0.65,,,,,,
https://www.fotmob.com/players/511032/ben-osborn,2017/18,6.97,0.85,32.40%,0.33,1.63,5.86,48.20%,0.61,1.06,,0.31,7.35,1.49,57.30%,0,0.07,"3,810",2.5,0.12,1.7,24.00%,43.60%,81.00%,0.99,43.96,1.46,59.10%,1.18,0.02,1.23,80.1,1.87,0.09,,1.02,0.33,27%,93%,35%,0%,5%,57%
https://www.fotmob.com/players/202181/jack-robinson,2017/18,6.96,4.29,57.80%,0.1,0.82,7.49,59.90%,0.75,1.36,0.03,0.24,6.4,1.36,66.70%,0,0.1,"2,643",4.05,0.03,0.31,,41.00%,75.10%,,31.26,0.31,85.00%,0.72,,0.58,62.35,0.68,0.07,,0.44,0.14,74%,65%,26%,0%,35%,82%
https://www.fotmob.com/players/541330/marvelous-nakamba,2017/18,7.03,,,,,,,,,,,,,,,,,,,,,,,,,,,,,,,,,,,,36%,2%,62%,0%,2%,22%
https://www.fotmob.com/players/513492/trezeguet,2017/18,6.98,,,,,,,,,,,,,,,,,,,,,,,,,,,,,,,,,,,,12%,32%,9%,99%,85%,14%
https://www.fotmob.com/players/200917/borja-baston,2017/18,6.54,2.4,38.20%,0.55,1.11,4.15,35.20%,1.47,0.28,,0.55,1.84,0.64,77.80%,0,0.18,977,0.28,0,0.37,,75.00%,74.70%,,15.75,0.92,30.00%,0.64,0.09,0.28,32.33,3.68,0.18,0.09,2.49,0.92,,,,,,
https://www.fotmob.com/players/603537/angelino,2018/19,7.37,0.8,57.40%,0.15,0.68,5.55,63.10%,0.53,1.42,,0.5,7.17,1.21,55.40%,0,0.09,"3,049",2.3,0.27,2.01,27.40%,36.10%,77.50%,1.71,42.24,0.65,63.60%,1.12,,1.45,87.4,2.8,0.03,,0.83,0.41,56%,92%,30%,81%,58%,62%
https://www.fotmob.com/players/408943/takumi-minamino,2018/19,6.89,0.41,30.80%,0.83,0.57,3.04,34.90%,1.55,0.31,,1.14,3.92,0.93,66.70%,0,0.15,"1,744",1.24,0.21,1.39,14.30%,50.00%,79.10%,0.1,26.32,1.7,37.50%,0.62,0.05,0.62,48.25,5.26,0.31,,2.74,1.19,65%,47%,48%,63%,52%,14%
https://www.fotmob.com/players/919435/sepp-van-den-berg,2018/19,6.74,1.29,40.60%,0.1,0.4,3.98,58.80%,0.4,1.19,,,6.57,1.19,60.00%,0,0,904,3.38,0,0.3,,64.20%,88.40%,,47.79,0.1,100.00%,0.4,,0.3,68.5,1,0,,0.5,0.1,90%,32%,42%,0%,66%,24%
https://www.fotmob.com/players/422685/bruno-fernandes,2018/19,7.72,0.98,43.80%,0.64,1.19,5.9,48.00%,1.59,0.43,,0.86,6,1.25,73.20%,0,0.28,"2,942",4.34,0.4,3.18,29.60%,56.60%,75.10%,1.8,40.47,1.87,63.30%,2.45,0.03,0.95,78.28,3.24,0.61,0.18,3.67,1.68,70%,96%,87%,70%,82%,97%
https://www.fotmob.com/players/564818/steven-bergwijn,2018/19,7.33,0.09,11.50%,0.79,0.69,5.55,46.90%,0.57,0.25,,0.6,4.35,0.47,50.00%,0,0.13,"2,856",0.63,0.38,2.05,20.00%,57.10%,85.00%,0.35,28.87,2.46,63.30%,1.2,,3.31,56,6.78,0.44,0.03,3.06,1.39,13%,58%,13%,96%,81%,63%
https://www.fotmob.com/players/292313/raul-jimenez,2018/19,7.17,2.25,42.20%,0.69,0.49,5.16,40.70%,1.21,0.75,,0.66,4.01,0.52,60.00%,0,0.12,"3,122",1.04,0.2,1.21,29.60%,53.70%,72.80%,0.23,22.23,1.96,49.30%,1.1,0.03,0.98,48.11,5.13,0.37,0.06,3.2,1.01,78%,57%,87%,81%,82%,77%
https://www.fotmob.com/players/424129/leander-dendoncker,2018/19,6.81,3.43,51.40%,0.06,1.9,8.09,56.40%,0.67,1.41,,0.37,5.64,1.59,49.10%,0,0.06,"1,469",0.92,0,0.43,14.30%,57.70%,79.40%,0.06,29.53,0.43,100.00%,0.67,,0.74,52.57,2.08,0.12,,1.04,0.61,95%,6%,88%,38%,56%,81%
https://www.fotmob.com/players/523825/jarrod-bowen,2018/19,7.03,0.73,26.00%,0.8,0.84,5.56,43.90%,0.75,1.12,,0.55,6.02,0.93,62.10%,0,0.02,"3,948",0.87,0.09,1.05,21.70%,42.20%,71.50%,0.64,16.66,2.19,53.70%,1.85,0.02,1.5,45.89,4.4,0.5,0.09,2.6,1.12,35%,50%,36%,85%,82%,17%
https://www.fotmob.com/players/532743/philip-billing,2018/19,7.19,3.62,74.60%,0.7,0.99,8.63,60.70%,1.52,2.18,,0.58,7.15,1.81,59.50%,0,0.29,"2,190",3.16,0,0.86,16.10%,58.80%,78.60%,0.37,34.68,1.19,52.60%,1.23,,0.82,70.85,1.36,0.08,,1.73,0.37,99%,99%,99%,86%,99%,68%
https://www.fotmob.com/players/704151/arnaut-danjuma,2018/19,6.9,0.15,33.30%,0.61,0.23,4.37,47.90%,0.61,0.46,,0.61,4.52,0.84,73.30%,0,0,"1,174",2.45,0.23,1.76,20.00%,76.20%,82.60%,0.61,25.53,1.76,51.00%,1.07,,1.99,53.97,5.14,0.38,,2.61,1.38,11%,45%,3%,41%,59%,11%
https://www.fotmob.com/players/819215/lloyd-kelly,2018/19,6.76,3.04,59.10%,0.12,0.19,7.16,60.70%,0.74,1.21,,0.16,5.57,1.09,66.70%,0,0.19,"2,312",2.69,0,0.39,15.30%,32.50%,67.70%,0.51,26.24,0.82,58.80%,1.4,,1.17,69.17,0.51,0.04,,0.39,0.16,86%,65%,25%,0%,54%,51%
https://www.fotmob.com/players/494597/josh-brownhill,2018/19,7.04,2.04,62.50%,0.45,0.57,5.07,57.40%,0.95,1.38,,0.25,5.18,0.75,53.20%,0.02,0.11,"3,978",1.92,0.09,0.81,27.30%,35.30%,75.60%,0.41,33.35,0.57,59.60%,0.97,,0.7,60.81,1.4,0.11,,2.08,0.7,65%,69%,37%,100%,82%,34%
https://www.fotmob.com/players/109491/jay-rodriguez,2018/19,6.99,1.87,37.40%,0.46,0.98,3.94,33.30%,1.48,0.39,,0.59,3.37,0.62,62.80%,0.02,0.11,"3,950",0.84,0.14,1.03,16.70%,51.40%,73.90%,0.11,17.41,1.21,25.70%,0.66,,0.43,38.26,3.08,0.5,0.18,2.46,0.98,98%,7%,75%,41%,32%,7%
https://www.fotmob.com/players/37194/erik-pieters,2018/19,6.96,2.14,57.90%,0.1,0.63,5.41,53.40%,1.85,1.61,0.05,0.1,5.51,1.56,65.30%,0,0.19,"1,847",1.95,0.1,0.39,23.10%,27.40%,74.60%,0.29,36.06,0.44,50.00%,0.63,,0.24,75.77,0.24,0.1,,0.44,0.19,,,,,,
https://www.fotmob.com/players/599353/che-adams,2018/19,7.1,0.91,21.80%,0.79,0.17,4.09,34.30%,1.83,0.19,,0.6,2.94,0.48,76.90%,0,0.12,"3,738",0.41,0.1,1.61,23.50%,51.50%,68.40%,0.19,12.42,2.02,50.00%,1.61,,0.94,34.67,5.03,0.53,0.02,2.74,1.35,33%,46%,15%,45%,26%,23%
https://www.fotmob.com/players/862645/moussa-djenepo,2018/19,6.77,0.77,28.10%,0.51,0.55,8.36,50.00%,1.96,0.6,,0.81,4.18,1.32,64.60%,0.04,0.3,"2,109",0.81,0.09,1.32,38.50%,59.40%,78.90%,0.21,17.54,2.22,59.80%,2.99,0.09,2.6,42.84,5.72,0.34,,1.96,0.85,6%,19%,45%,23%,4%,8%
https://www.fotmob.com/players/303346/adam-webster,2018/19,7.13,6.73,71.40%,0.17,0.38,9.63,68.50%,0.86,2.19,0.02,0.07,6.58,0.86,59.00%,0,0.12,"3,747",5.45,0,0.62,42.90%,41.90%,74.00%,0.07,45.8,0.41,72.40%,0.98,,0.5,77.22,1.87,0.07,,0.7,0.17,45%,79%,47%,73%,39%,88%
https://www.fotmob.com/players/391064/neal-maupay,2018/19,7.14,26,23.20%,31,24,157,34.40%,61,8,,34,101,17,54.80%,0,9,"3,713",29,8,57,,78.40%,77.10%,,640,87,38.80%,70,,31,"1,484",252,25,3,144,63,18%,47%,8%,28%,3%,51%
https://www.fotmob.com/players/318615/leandro-trossard,2018/19,7.63,0.13,16.70%,0.97,0.84,4.87,45.20%,0.97,1.03,,0.77,5.2,1.03,69.60%,0,0,"2,789",3.42,0.23,2.32,26.70%,68.80%,74.80%,0.74,29.75,2.52,58.10%,1.87,,1.39,62.47,5.49,0.45,0.03,4.07,1.48,19%,41%,21%,51%,71%,47%
https://www.fotmob.com/players/231592/aaron-mooy,2018/19,6.96,0.58,35.70%,0.54,1.2,4.25,44.20%,1.01,0.58,,0.97,7.89,1.62,67.70%,0,0.15,"2,327",2.36,0.04,1.66,29.20%,50.80%,80.10%,1.55,39.6,1.74,59.50%,0.46,,0.85,69.46,1.24,0.12,0.04,1.66,0.54,,,,,,
https://www.fotmob.com/players/540963/sander-berge,2018/19,7.54,1.94,53.40%,0.33,0.21,5.88,58.20%,1.03,0.83,,0.29,5.67,1.28,77.50%,0,0.12,"2,175",6.08,0.12,0.95,50.00%,77.00%,87.70%,0.21,48.41,1.24,91.40%,0.99,,1.32,66.99,1.28,0,,0.74,0.12,74%,36%,49%,0%,1%,66%
https://www.fotmob.com/players/509151/oliver-mcburnie,2018/19,7.13,3.38,43.50%,0.5,0.71,7.36,43.90%,1.29,0.45,,0.42,3.01,0.61,60.50%,0,0.13,"3,413",1.16,0.11,1.4,,88.00%,74.50%,,21.62,2.16,49.40%,2.03,,1,46.46,4.67,0.58,0.08,2.24,1.03,86%,77%,72%,20%,24%,48%
https://www.fotmob.com/players/504085/callum-robinson,2018/19,7.03,0.53,21.10%,1.19,0.53,3.83,37.50%,0.53,0.57,,0.66,5.2,0.26,50.00%,0,0.04,"2,042",1.59,0.13,1.67,25.90%,47.40%,74.00%,1.32,20.41,2.69,69.20%,1.19,,1.59,50.07,4.28,0.53,,3.53,1.41,8%,58%,3%,79%,64%,47%
https://www.fotmob.com/players/106954/luke-freeman,2018/19,6.9,0.57,26.40%,0.55,0.64,4.84,40.00%,1.05,1.19,0.02,0.76,6.48,0.72,66.70%,0,0.07,"3,776",1.17,0.14,2.1,26.70%,41.90%,75.40%,2.15,20.52,2.72,55.60%,1.6,0.02,1.64,54.53,1.98,0.17,,2.05,0.62,,,,,,
https://www.fotmob.com/players/202181/jack-robinson,2018/19,6.84,3.38,54.30%,0.17,0.59,6.78,56.50%,1.28,1.26,0.06,0.08,4.97,1.37,65.30%,0.03,0.31,"3,224",2.29,0.06,0.56,14.00%,34.90%,75.60%,0.17,30.82,0.56,72.70%,0.89,,0.45,64.79,0.92,0.06,,0.47,0.17,74%,65%,26%,0%,35%,82%
https://www.fotmob.com/players/541330/marvelous-nakamba,2018/19,7.02,0.74,47.40%,0.16,0.91,6.35,59.20%,1.73,1.24,0.08,0.58,7.25,1.81,62.90%,0.08,0.25,"1,092",2.55,0,0.66,,59.60%,85.80%,,40.8,0.82,87.50%,2.14,,0.58,59.59,0.08,0,,0.41,0.08,36%,2%,62%,0%,2%,22%
https://www.fotmob.com/players/513492/trezeguet,2018/19,7.21,0.56,29.70%,0.97,0.8,6.84,43.40%,1.24,0.88,,0.65,4.98,0.77,74.30%,0,0.06,"3,053",1.39,0.27,2.3,22.60%,51.60%,75.00%,1.56,26.24,2.51,50.20%,1.92,0.06,3.33,68.72,5.63,0.27,0.03,4.04,1.42,12%,32%,9%,99%,85%,14%
https://www.fotmob.com/players/200917/borja-baston,2018/19,6.68,3.04,32.50%,0.19,1.43,5.09,30.90%,2.55,0.25,,0.62,2.48,0.43,43.80%,0,0.25,"1,449",0.12,0.06,0.5,40.00%,20.00%,61.80%,0.12,12.05,1.12,55.60%,0.81,,0.31,31.49,3.23,0.31,,2.05,0.62,,,,,,
https://www.fotmob.com/players/603537/angelino,2019/20,7.16,1.28,46.20%,0.43,0.43,3.63,53.10%,0.43,1.92,,0.43,6.18,0.43,40.00%,0,0.21,422,1.49,0,1.92,20.90%,26.90%,84.30%,1.92,60.78,0.64,80.00%,0.43,,0.85,104.5,2.35,0,,1.07,,56%,92%,30%,81%,58%,62%
https://www.fotmob.com/players/408943/takumi-minamino,2019/20,6.78,1.12,37.50%,1.12,2.98,4.46,27.90%,2.6,,,0.74,4.46,1.12,100.00%,0,0,242,0.74,0,0.37,50.00%,66.70%,89.60%,0.37,35.33,1.86,40.00%,1.12,,1.49,58.76,4.83,0,,2.98,0.74,65%,47%,48%,63%,52%,14%
https://www.fotmob.com/players/919435/sepp-van-den-berg,2019/20,6.53,10,83.30%,,,11,84.60%,,,,,7,1,100.00%,0,0,90,5,0,,,55.60%,84.80%,,84,0,,,,,105,,0,,0,,90%,32%,42%,0%,66%,24%
https://www.fotmob.com/players/422685/bruno-fernandes,2019/20,7.84,0.23,21.40%,0.53,2.49,4.08,42.90%,0.68,0.83,,0.76,5.06,0.91,54.50%,0,0.15,"1,192",3.47,0.53,2.27,18.70%,52.90%,75.70%,1.06,44.4,0.98,71.40%,1.06,0.15,1.13,79.73,3.17,0.6,0.3,3.32,1.36,70%,96%,87%,70%,82%,97%
https://www.fotmob.com/players/564818/steven-bergwijn,2019/20,7.08,0.9,46.70%,0.38,1.03,4.49,45.50%,0.9,0.13,,0.26,5,0.77,60.00%,0,0.26,702,,0.13,1.67,40.00%,,86.10%,0.51,26.92,1.28,44.40%,1.28,0.13,1.03,47.44,2.69,0.38,,1.15,0.51,13%,58%,13%,96%,81%,63%
https://www.fotmob.com/players/292313/raul-jimenez,2019/20,7.2,2.41,42.20%,0.8,0.78,5.63,41.80%,1.08,0.44,,0.47,2.27,0.33,60.00%,0,0.08,"3,244",1.28,0.17,1.33,17.90%,57.50%,72.30%,0.14,19.86,1.86,62.60%,0.97,0.03,1.72,45.61,5.69,0.47,0.11,3.27,1.22,78%,57%,87%,81%,82%,77%
https://www.fotmob.com/players/524435/daniel-podence,2019/20,6.93,,,1.25,0.63,5.96,47.50%,1.57,0.63,,0.31,3.76,0.94,100.00%,0,0,287,0.94,0,1.57,20.00%,42.90%,72.60%,0.31,21.64,1.25,63.60%,2.82,0.31,2.2,51.43,4.08,0.31,,3.14,0.94,10%,91%,11%,27%,45%,58%
https://www.fotmob.com/players/424129/leander-dendoncker,2019/20,6.8,3.09,53.30%,0.16,1.26,6.02,52.80%,1,1.22,0.03,0.1,4.9,1,45.60%,0,0.16,"2,794",2.13,0,0.29,37.50%,66.70%,83.30%,0.1,35.5,0.35,76.20%,0.29,,0.52,54.41,1.35,0.13,,0.64,0.16,95%,6%,88%,38%,56%,81%
https://www.fotmob.com/players/523825/jarrod-bowen,2019/20,7.05,0.49,20.80%,0.98,1.27,5.78,44.40%,0.39,1.57,,0.49,5.39,1.47,78.90%,0,0,919,1.27,0.39,1.47,25.00%,59.10%,77.00%,1.47,16.06,1.37,38.50%,1.96,,1.47,45.24,4.5,0.1,,2.35,0.69,35%,50%,36%,85%,82%,17%
https://www.fotmob.com/players/154280/jordan-ayew,2019/20,6.92,2.28,31.90%,0.4,0.91,8.63,43.20%,1.68,0.43,,0.63,4.19,0.85,62.50%,0,0.17,"3,160",0.54,0.06,0.85,4.00%,59.40%,81.30%,0.03,18.85,2.71,62.40%,2.99,,2.08,44.49,3.7,0.26,,1.65,0.68,89%,32%,54%,80%,29%,27%
https://www.fotmob.com/players/532743/philip-billing,2019/20,6.9,3.95,58.70%,0.21,1.71,8.1,53.00%,1.35,2.35,,0.39,5.76,1.64,63.90%,0,0.28,"2,532",1.53,0.04,0.53,7.10%,50.60%,74.80%,0.04,30.68,1,62.90%,0.82,,0.78,63.13,1.81,0.04,,1.17,0.28,99%,99%,99%,86%,99%,68%
https://www.fotmob.com/players/704151/arnaut-danjuma,2019/20,6.53,0.29,15.40%,0.29,0.43,4.59,41.60%,,1.15,,0.43,4.16,0.29,50.00%,0,0,628,0.86,0,0.72,22.20%,60.00%,81.00%,0.29,25.65,2.01,55.30%,0.72,,3.01,49.87,3.44,0,,1.86,0.57,11%,45%,3%,41%,59%,11%
https://www.fotmob.com/players/819215/lloyd-kelly,2019/20,6.5,1.55,35.50%,0.14,0.14,3.1,41.50%,0.99,0.85,,0.42,5.92,0.42,42.90%,0,0.28,638,1.41,0,0.28,16.70%,34.50%,80.10%,0.14,22.71,0.42,100.00%,0.28,,0.28,42.6,0.85,0,,0.14,,86%,65%,25%,0%,54%,51%
https://www.fotmob.com/players/494597/josh-brownhill,2019/20,7.06,2.23,52.60%,0.22,0.89,5.36,57.10%,0.67,1.56,,0.22,4.8,0.89,57.10%,0,0.22,806,1.12,0,0.33,,35.70%,82.50%,,30.48,0.45,87.50%,1,,0.78,49.58,1,0,,0.67,,65%,69%,37%,100%,82%,34%
https://www.fotmob.com/players/109491/jay-rodriguez,2019/20,6.67,3.58,34.80%,0.54,1.12,6.27,34.80%,1.16,0.22,,0.67,3,0.85,65.50%,0,0.04,"2,009",0.27,0.04,0.27,6.70%,54.50%,69.80%,0.04,14.51,1.93,46.20%,0.67,,0.81,38.39,3.94,0.36,0.04,3,1.34,98%,7%,75%,41%,32%,7%
https://www.fotmob.com/players/37194/erik-pieters,2019/20,6.68,1.58,64.70%,0.05,1.97,5.27,54.20%,1.01,1.34,0.05,0.14,4.65,1.53,59.30%,0,0.1,"1,877",1.39,0.19,0.86,26.80%,29.90%,72.10%,0.53,25.75,0.29,33.30%,0.96,,0.19,60.27,0.67,0,,0.67,0.14,,,,,,
https://www.fotmob.com/players/599353/che-adams,2019/20,6.72,3.34,35.00%,1.14,0.24,6.6,40.10%,1.38,0.16,,0.9,4.15,0.33,66.70%,0,0,"1,105",0.49,0.16,1.06,7.70%,54.50%,64.90%,0.08,13.11,1.71,72.00%,1.3,0.08,1.47,38.04,5.29,0.33,,2.93,0.81,33%,46%,15%,45%,26%,23%
https://www.fotmob.com/players/862645/moussa-djenepo,2019/20,6.68,0.29,15.80%,0.29,0.97,10.11,53.10%,2.24,0.87,,0.49,4.67,2.04,77.80%,0.1,0.39,926,0.49,0.19,1.07,19.00%,22.70%,74.10%,0.39,17.2,2.04,66.70%,2.92,,4.28,53.55,5.15,0.19,,1.94,0.78,6%,19%,45%,23%,4%,8%
https://www.fotmob.com/players/303346/adam-webster,2019/20,6.93,3.74,63.10%,0.1,0.61,5.73,62.00%,0.44,1.52,0.07,0.03,5.93,0.57,56.70%,0,0.13,"2,670",3.84,0.03,0.37,33.30%,50.20%,83.10%,0.07,52.69,0.17,77.80%,0.64,,0.47,76.96,1.01,0.1,,0.54,0.24,45%,79%,47%,73%,39%,88%
https://www.fotmob.com/players/391064/neal-maupay,2019/20,6.76,0.85,22.60%,1.01,0.65,3.74,32.10%,1.24,0.13,,0.68,3.19,0.39,60.00%,0,0.1,"2,768",0.49,0.1,0.81,16.70%,62.50%,79.60%,0.07,17.3,1.82,35.30%,1.5,,0.78,37.94,5.79,0.33,0.03,3.12,1.24,18%,47%,8%,28%,3%,51%
https://www.fotmob.com/players/318615/leandro-trossard,2019/20,6.76,0.09,10.50%,0.36,1.43,2.86,34.80%,0.63,0.4,,0.67,4.47,0.76,77.30%,0,0,"2,013",1.79,0.13,1.88,25.30%,63.50%,74.50%,0.85,23.65,1.48,54.70%,0.49,,1.3,49.49,4.47,0.22,,1.83,0.54,19%,41%,21%,51%,71%,47%
https://www.fotmob.com/players/231592/aaron-mooy,2019/20,6.86,0.65,37.50%,0.34,1.46,4.35,43.30%,0.56,0.99,,0.6,5.77,1.03,64.90%,0.04,0.04,"2,089",1.85,0.09,1.68,21.10%,51.80%,81.50%,0.99,34.08,1.81,67.90%,0.47,,1.64,63.07,1.85,0.09,,1.42,0.34,,,,,,
https://www.fotmob.com/players/540963/sander-berge,2019/20,6.91,3.32,68.60%,0.09,0.47,7.3,60.60%,1.71,0.95,,0.28,5.31,1.42,68.20%,0,0,949,1.23,0.09,0.19,9.10%,52.00%,79.90%,0.19,27.88,0.66,75.00%,0.47,,1.42,50.64,1.9,0.09,,0.47,0.19,74%,36%,49%,0%,1%,66%
https://www.fotmob.com/players/509151/oliver-mcburnie,2019/20,6.83,8.51,50.30%,0.3,1.23,12.08,48.10%,1.19,0.64,,0.68,3.87,0.94,59.50%,0,0.17,"2,116",0.38,0,0.43,11.10%,52.90%,60.50%,0.04,15.86,1.45,50.00%,1.19,,0.94,43.51,4.72,0.26,,2.13,1.06,86%,77%,72%,20%,24%,48%
https://www.fotmob.com/players/504085/callum-robinson,2019/20,6.73,0.53,17.40%,0.4,0.67,2.53,24.70%,1.46,0.93,,0.67,3.73,0.4,50.00%,0,0.13,676,0.53,0.13,0.53,20.00%,40.00%,84.10%,0.4,15.44,2.26,38.50%,0.53,,0.67,33.02,3.2,0.13,,1.6,0.53,8%,58%,3%,79%,64%,47%
https://www.fotmob.com/players/106954/luke-freeman,2019/20,6.65,0.99,40.00%,0.5,1.49,5.72,39.70%,1.49,2.49,,0.5,4.97,0.99,66.70%,0,0.5,362,0.5,0,0.75,40.00%,22.20%,79.70%,1.49,26.35,3.23,66.70%,1.24,,1.99,56.44,0.99,0,,0.75,,,,,,,
https://www.fotmob.com/players/511032/ben-osborn,2019/20,6.8,0.91,40.00%,0.15,1.98,4.72,47.00%,1.37,0.91,,0.46,6.55,1.52,66.70%,0,0,591,1.22,0,1.07,18.80%,25.80%,71.00%,0.46,24.97,0,50.00%,0.91,,0.61,50.86,2.44,0,,0.46,0.15,27%,93%,35%,0%,5%,57%
https://www.fotmob.com/players/202181/jack-robinson,2019/20,6.79,2.5,60.90%,,0.89,5.35,62.50%,0.71,1.43,,,5.35,0.89,50.00%,0,0,505,2.5,0,0.36,16.70%,34.10%,78.70%,0.18,34.93,0.18,100.00%,0.71,,0.36,63.09,0.18,0,,0,,74%,65%,26%,0%,35%,82%
https://www.fotmob.com/players/541330/marvelous-nakamba,2019/20,6.67,1.13,44.20%,,2.11,5.64,51.10%,1.28,1.91,,0.25,7.6,1.37,50.90%,0,0.25,"1,835",1.18,0,0.59,,42.10%,84.30%,,32.32,0.49,73.70%,1.18,,0.69,54.39,0.1,0,,0.34,0.05,36%,2%,62%,0%,2%,22%
https://www.fotmob.com/players/513492/trezeguet,2019/20,6.75,1.34,39.70%,1.02,1.62,5.91,43.50%,1.62,1.15,,0.37,3.65,0.74,42.10%,0.05,0.09,"1,950",0.42,0.05,0.97,16.40%,39.10%,75.00%,0.51,12.6,0.92,46.90%,1.48,0.05,1.38,39.05,3.65,0.28,,2.31,0.78,12%,32%,9%,99%,85%,14%
https://www.fotmob.com/players/603537/angelino,2020/21,7.34,0.5,35.30%,0.58,0.46,3.58,50.60%,0.92,1.25,,0.25,4.58,0.79,61.30%,0,0.08,"2,162",1.83,0.17,2.16,27.70%,32.80%,74.40%,2.12,34.51,0.54,50.00%,1.12,,0.67,74.68,3.5,0.17,,1.46,0.54,56%,92%,30%,81%,58%,62%
https://www.fotmob.com/players/408943/takumi-minamino,2020/21,6.67,0.81,50.00%,0.72,2.59,3.94,38.90%,0.98,0.54,,0.54,4.56,0.54,54.50%,0,0.09,"1,006",0.72,0,0.45,,27.60%,75.70%,,26.21,0.98,55.00%,1.16,,0.98,49.74,2.59,0.27,,1.79,0.72,65%,47%,48%,63%,52%,14%
https://www.fotmob.com/players/919435/sepp-van-den-berg,2020/21,6.75,2.19,54.10%,,0.53,4.85,51.40%,1.46,1.66,,0.4,6.25,1.06,53.30%,0,0,"1,354",1.6,0,0.47,30.00%,34.80%,66.00%,0.2,20.01,0.73,100.00%,0.4,,0.33,53.11,0.8,0,,0.33,0.2,90%,32%,42%,0%,66%,24%
https://www.fotmob.com/players/422685/bruno-fernandes,2020/21,7.56,0.46,27.10%,1.07,2.14,4.26,40.40%,1.25,0.75,0.03,0.7,4.7,0.87,52.60%,0,0.17,"3,105",4.12,0.35,2.75,24.70%,63.70%,78.30%,1.19,47.91,1.07,51.10%,1.51,,0.67,82.55,3.59,0.52,0.26,3.51,1.48,70%,96%,87%,70%,82%,97%
https://www.fotmob.com/players/564818/steven-bergwijn,2020/21,6.65,0.15,15.40%,0.07,0.97,4.09,41.00%,1.49,0.37,,0.89,5.65,0.52,46.70%,0,0.22,"1,211",0.22,0.22,0.97,7.70%,23.10%,83.70%,0.07,25.86,1.11,48.90%,1.19,0.07,1.64,45.56,2.6,0.07,,1.11,0.45,13%,58%,13%,96%,81%,63%
https://www.fotmob.com/players/292313/raul-jimenez,2020/21,6.92,1.64,45.50%,0.44,0.76,4.81,41.10%,0.98,0.87,,0.55,3.5,0.22,66.70%,0,0,824,1.64,0,0.55,25.00%,78.90%,79.20%,0.11,22.39,1.97,47.60%,1.86,,1.09,45.76,4.48,0.44,,2.84,1.09,78%,57%,87%,81%,82%,77%
https://www.fotmob.com/players/524435/daniel-podence,2020/21,6.88,0.38,31.80%,0.54,0.91,4.51,46.90%,0.75,0.7,,0.75,4.35,0.32,50.00%,0,0.16,"1,676",2.26,0.11,1.13,21.90%,77.80%,77.70%,0.38,25.08,1.29,59.40%,1.45,,2.04,48.17,3.38,0.16,,1.72,0.75,10%,91%,11%,27%,45%,58%
https://www.fotmob.com/players/523825/jarrod-bowen,2020/21,6.88,0.8,31.10%,0.8,0.66,4.86,46.30%,0.52,0.77,,0.66,4.68,0.52,57.70%,0,0,"2,576",1.08,0.17,1.01,23.80%,59.60%,74.40%,1.01,16.11,1.75,53.70%,1.89,,1.26,41.05,3.81,0.28,,1.92,0.56,35%,50%,36%,85%,82%,17%
https://www.fotmob.com/players/154280/jordan-ayew,2020/21,6.63,1.33,24.60%,0.52,1.2,7.81,40.90%,1.93,0.69,,0.69,4.64,1.12,68.40%,0,0.17,"2,097",0.43,0.13,0.56,12.90%,45.50%,81.00%,0.17,22.02,2.58,58.40%,2.7,,2.23,49.27,2.49,0.04,,1.12,0.47,89%,32%,54%,80%,29%,27%
https://www.fotmob.com/players/532743/philip-billing,2020/21,6.95,2.44,54.40%,0.39,1.04,6.7,49.50%,1.65,0.91,,0.61,4.92,1.04,57.10%,0,0.39,"2,068",1.18,0.17,1.26,11.80%,54.00%,78.30%,0.09,32.42,1.48,63.20%,1.44,,1.04,59.58,2.92,0.35,,1.39,0.61,99%,99%,99%,86%,99%,68%
https://www.fotmob.com/players/704151/arnaut-danjuma,2020/21,7.14,0.29,34.80%,0.79,0.29,4.33,44.10%,0.54,0.22,,0.72,3.14,0.25,77.80%,0,0.04,"2,495",0.9,0.25,1.8,42.10%,62.50%,77.60%,1.15,20.71,1.62,46.10%,1.59,,2.13,46.61,5.41,0.54,,2.56,1.15,11%,45%,3%,41%,59%,11%
https://www.fotmob.com/players/819215/lloyd-kelly,2020/21,6.85,2.01,59.60%,0.09,0.24,5,55.80%,1.03,0.89,,0.12,6.36,0.8,60.00%,0,0.15,"3,044",2.63,0.12,0.74,27.40%,35.90%,78.30%,0.5,41.66,0.98,62.20%,0.98,,0.68,75.13,1.27,0.03,,0.35,0.18,86%,65%,25%,0%,54%,51%
https://www.fotmob.com/players/494597/josh-brownhill,2020/21,6.89,2.08,54.60%,0.32,0.93,4.96,53.40%,1.15,2.21,,0.8,6.24,0.86,60.00%,0,0.06,"2,814",1.06,0.03,0.58,23.50%,33.30%,78.30%,0.13,29.36,0.48,71.40%,1.02,,0.48,50.69,2.08,0,,1.09,0.22,65%,69%,37%,100%,82%,34%
https://www.fotmob.com/players/109491/jay-rodriguez,2020/21,6.71,3.01,36.20%,0.72,1.07,6.95,38.50%,2.22,0.14,,0.93,4.01,1.15,64.00%,0,0.21,"1,256",0.21,0.14,0.43,,37.50%,73.40%,,14.4,1.58,42.90%,1.29,,0.86,37.05,4.23,0.07,,2.22,0.64,98%,7%,75%,41%,32%,7%
https://www.fotmob.com/players/37194/erik-pieters,2020/21,6.68,0.93,59.10%,0.07,1.43,4.99,50.40%,1.85,0.86,,0.29,5.28,1.5,70.00%,0,0.07,"1,262",1.93,0.07,0.36,,32.90%,74.40%,,25.03,0.71,60.00%,1.5,0.07,0.43,56.77,0.64,0,,0.29,0.21,,,,,,
https://www.fotmob.com/players/599353/che-adams,2020/21,6.83,1.82,28.90%,0.34,0.37,5.42,40.50%,1.01,0.13,,0.71,2.83,0.54,64.00%,0,0.03,"2,673",0.81,0.17,1.25,16.70%,70.60%,70.30%,0.03,14.44,1.48,56.00%,1.85,,0.94,35.45,3.54,0.3,,1.85,1.04,33%,46%,15%,45%,26%,23%
https://www.fotmob.com/players/862645/moussa-djenepo,2020/21,6.58,0.87,27.90%,0.29,2.54,9.38,48.90%,2.11,0.73,0.07,0.65,4.94,1.96,51.90%,0,0.36,"1,238",0.51,0,0.44,11.10%,33.30%,72.80%,0.07,20.21,1.24,51.90%,2.84,0.07,1.96,53.51,3.2,0.07,,1.02,0.15,6%,19%,45%,23%,4%,8%
https://www.fotmob.com/players/303346/adam-webster,2020/21,6.96,2.67,58.80%,0.1,0.45,4.79,59.20%,0.83,1.63,,0.21,5.06,0.55,55.20%,0,0.14,"2,595",3.47,0,0.17,,44.10%,80.90%,,51.57,0.21,100.00%,0.52,,0.59,75.88,1.18,0.03,,0.87,0.24,45%,79%,47%,73%,39%,88%
https://www.fotmob.com/players/391064/neal-maupay,2020/21,6.78,0.75,25.30%,0.79,0.72,3.86,38.00%,0.97,0.46,0.04,0.64,3,0.29,40.00%,0.04,0.04,"2,517",0.5,0.07,1.14,45.50%,58.30%,78.50%,0.18,18.24,1.72,50.00%,1.57,0.04,0.86,38.01,5.58,0.29,0.11,2.54,0.93,18%,47%,8%,28%,3%,51%
https://www.fotmob.com/players/318615/leandro-trossard,2020/21,7.02,0.14,15.40%,0.55,0.89,3.71,39.70%,0.93,0.89,,0.96,5.02,0.48,42.40%,0,0.07,"2,620",1.96,0.17,1.72,28.90%,69.50%,78.80%,0.82,27,2.06,57.40%,1.1,,1.34,52.73,4.16,0.17,,1.99,0.79,19%,41%,21%,51%,71%,47%
https://www.fotmob.com/players/540963/sander-berge,2020/21,6.69,1.37,53.10%,0.24,0.64,4.5,47.90%,1.13,0.32,,0.4,5.46,0.56,43.80%,0,0.32,"1,120",1.21,0.08,1.04,8.70%,55.60%,85.60%,0.16,29.97,1.04,62.50%,0.32,,1.61,50.54,2.65,0.08,0.08,0.8,0.16,74%,36%,49%,0%,1%,66%
https://www.fotmob.com/players/509151/oliver-mcburnie,2020/21,6.75,9.48,53.10%,0.41,0.82,12.55,50.30%,1.64,0.41,,0.27,2.18,0.48,46.70%,0,0.14,"1,319",0.41,0,1.02,,66.70%,57.50%,,17.26,1.16,30.80%,1.77,0.07,0.27,45.03,3.96,0.07,,2.05,0.89,86%,77%,72%,20%,24%,48%
https://www.fotmob.com/players/504085/callum-robinson,2020/21,6.77,1.04,28.60%,0.35,0.92,3.4,36.90%,0.17,0.4,,1.15,4.43,0.29,71.40%,0,0,"1,563",0.58,0,0.92,15.00%,47.60%,74.90%,0.35,16.81,1.38,51.70%,1.09,0.12,0.86,37.43,2.76,0.29,,1.79,0.63,8%,58%,3%,79%,64%,47%
https://www.fotmob.com/players/106954/luke-freeman,2020/21,6.7,0.77,23.40%,0.49,0.63,4.72,41.10%,1.34,0.85,,0.49,4.51,0.49,46.70%,0,0.07,"1,278",0.42,0,1.41,25.00%,31.60%,77.70%,1.62,19.37,2.11,88.50%,1.27,,1.62,47.18,2.46,0.07,,1.27,0.14,,,,,,
https://www.fotmob.com/players/511032/ben-osborn,2020/21,6.79,0.73,43.30%,0.22,1.51,4.43,48.20%,0.56,0.67,,0.56,5.32,1.01,54.50%,0,0.06,"1,606",1.12,0,0.95,25.00%,33.90%,81.00%,0.95,33.74,1.4,73.10%,0.84,,1.06,61.14,1.57,0.06,,0.5,0.22,27%,93%,35%,0%,5%,57%
https://www.fotmob.com/players/202181/jack-robinson,2020/21,6.84,3.29,50.80%,0.1,0.51,5.66,55.00%,1.03,0.93,0.1,0.21,5.45,0.62,42.90%,0,0.31,875,1.54,0.1,0.1,,33.30%,82.00%,,35.69,0.21,75.00%,0.62,0.1,0.31,60.17,0.93,0,,0.62,,74%,65%,26%,0%,35%,82%
https://www.fotmob.com/players/513492/trezeguet,2020/21,6.81,2.16,38.40%,0.69,2.47,7.49,40.80%,3.01,1.47,,0.46,5.02,1.39,54.50%,0,0,"1,166",1,0.08,1,15.40%,59.10%,75.70%,0.31,16.83,1,54.80%,1.47,0.08,1.31,43.22,5.33,0.15,,2.7,0.93,12%,32%,9%,99%,85%,14%
https://www.fotmob.com/players/200917/borja-baston,2020/21,6.73,3.89,44.20%,0.72,0.68,7.26,42.60%,1.98,0.04,,0.84,2.62,0.17,22.20%,0,0.21,"2,131",0.25,0.13,0.63,21.10%,46.20%,67.80%,0.17,13.51,2.11,28.60%,2.53,0.04,0.17,35.6,4.9,0.21,0.08,2.53,0.8,,,,,,
