birthday,birth_date,country,defending___aerial_duels_won,defending___aerial_duels_won,defending___blocked,defending___dribbled_past,defending___duels_won,defending___duels_won,defending___fouls_committed,defending___interceptions,defending___penalties_conceded,defending___possession_won_final_3rd,defending___recoveries,defending___tackles_won,defending___tackles_won,discipline___red_cards,discipline___yellow_cards,height,market_value,passing___accurate_long_balls,passing___assists,passing___chances_created,passing___cross_accuracy,passing___expected_assists_(xa),passing___long_ball_accuracy,passing___pass_accuracy,passing___successful_crosses,passing___successful_passes,possession___dispossessed,possession___dribble_success,possession___fouls_won,possession___penalties_awarded,possession___successful_dribbles,possession___touches,possession___touches_in_opposition_box,preferred_foot,shirt,shootingrank___expected_goals_(xg),shootingrank___goals,shootingrank___non_penalty_xg,shootingrank___penalty_goals,shootingrank___shots,shootingrank___shots_on_target,trait___aerial_duels_won,trait___chances_created,trait___defensive_actions,trait___goals,trait___shot_attempts,trait___touches,shootingrank___xg_on_target_(xgot),minutes_played
,1993-03-05,Brazil,3.0,0.188,3.0,18.0,60.0,0.435,25.0,16.0,1.0,8.0,105.0,17.0,0.586,0.0,2.0,1.69,18.0,60.0,1.0,12.0,38.5%,1.0054471544715446,73.2%,86.3%,5.0,664.0,18.0,62.5%,18.0,1.0714285714285714,10.0,988.0,12.0,Left,13.0,1.9227826086956519,1.0,1.8610434782608696,1.8333333333333333,17.0,2.0,10%,57%,46%,71%,74%,94%,2.1199,1300.9333333333334
,1999-03-18,Portugal,22.0,0.815,5.0,5.0,59.0,0.6629999999999999,12.0,10.0,1.0,7.658823529411765,53.0,12.0,0.5,0.0,3.0,1.83,43.0,9.0,2.0,17.0,28.0%,1.0054471544715446,25.7%,70.9%,14.0,300.0,4.0,68.8%,2.0,1.0714285714285714,11.0,721.0,21.0,Right,20.0,1.9227826086956519,0.0,1.8610434782608696,1.8333333333333333,15.0,8.096969696969698,72%,78%,44%,72%,64%,52%,2.1199,1300.9333333333334
,1993-01-15,England,2.0,0.33299999999999996,5.8273809523809526,14.919354838709678,3.0,0.375,2.0,15.775280898876405,1.2,7.658823529411765,3.0,1.0,1.0,0.0,1.0,1.85,1.5,1.0,0.0,13.73224043715847,,1.0054471544715446,11.1%,66.7%,7.402777777777778,22.0,0.0,,17.414893617021278,1.0714285714285714,16.533333333333335,39.0,1.0,Left,23.0,1.9227826086956519,1.0,1.8610434782608696,1.8333333333333333,1.0,1.0,61%,9%,32%,93%,26%,88%,2.1199,1300.9333333333334
,1992-05-01,Czech Republic,5.0,0.294,5.8273809523809526,3.0,11.0,0.244,7.0,1.0,1.2,2.0,8.0,1.0,0.5,0.0,1.0,1.8,17.85055555555556,1.0,1.0,2.0,,1.0054471544715446,25.0%,64.4%,7.402777777777778,47.0,8.0,42.9%,1.0,1.0714285714285714,3.0,138.0,16.0,Right,11.0,1.9227826086956519,1.0,1.8610434782608696,1.8333333333333333,6.0,3.0,,,,,,,2.1199,1300.9333333333334
,1992-09-08,Brazil,3.0,0.188,9.0,40.0,119.0,0.439,17.0,27.0,1.2,20.0,180.0,30.0,0.612,0.0,5.0,1.68,3.0,16.0,3.0,41.0,27.5%,1.0054471544715446,29.6%,75.3%,14.0,607.0,40.0,48.8%,27.0,1.0714285714285714,40.0,1298.0,77.0,Right,11.0,1.9227826086956519,1.0,1.8610434782608696,1.8333333333333333,23.0,5.0,0%,98%,30%,65%,36%,65%,2.1199,1300.9333333333334
,1996-11-23,England,11.0,0.244,24.0,44.0,187.0,0.534,25.0,12.0,1.2,13.0,126.0,32.0,0.667,1.0,3.0,1.75,75.0,79.0,7.0,100.0,32.7%,1.0054471544715446,65.8%,83.8%,67.0,1176.0,38.0,68.5%,78.0,2.0,50.0,2098.0,88.0,Right,10.0,1.9227826086956519,7.0,1.8610434782608696,1.0,83.0,28.0,9%,95%,14%,98%,92%,86%,2.1199,1300.9333333333334
,1988-01-03,Northern Ireland,72.0,0.655,3.0,5.0,113.0,0.628,21.0,33.0,1.0,1.0,113.0,13.0,0.542,0.0,2.0,1.88,2.3,66.0,0.0,5.0,100.0%,1.0054471544715446,44.9%,84.7%,1.0,872.0,4.0,,17.0,1.0714285714285714,16.533333333333335,1341.0,26.0,Both,35.0,1.9227826086956519,1.0,1.8610434782608696,1.8333333333333333,11.0,3.0,47%,0%,21%,90%,35%,66%,2.1199,1300.9333333333334
,1994-02-10,Paraguay,1.0,0.1,5.0,6.0,45.0,0.57,6.0,8.0,1.2,9.0,61.0,12.0,0.6,0.0,0.0,1.74,17.0,8.0,0.0,13.0,33.3%,1.0054471544715446,80.0%,74.7%,7.0,180.0,6.0,50.0%,17.0,1.0714285714285714,7.0,409.0,28.0,Left,10.0,1.9227826086956519,0.0,1.8610434782608696,1.8333333333333333,19.0,8.0,4%,54%,35%,23%,59%,51%,2.1199,1300.9333333333334
,1989-02-21,Argentina,38.0,0.551,1.0,8.0,60.0,0.526,12.0,25.0,1.0,7.658823529411765,78.0,12.0,0.75,0.0,2.0,1.9,17.85055555555556,73.0,1.0,5.0,40.0%,1.0054471544715446,48.7%,78.9%,2.0,482.0,4.0,,7.0,1.0714285714285714,16.533333333333335,834.0,18.0,Right,17.545454545454547,1.9227826086956519,0.0,1.8610434782608696,1.8333333333333333,4.0,1.0,79%,39%,47%,0%,49%,59%,2.1199,1300.9333333333334
,1989-01-24,South Korea,14.0,0.5,2.0,9.0,47.0,0.5,11.0,19.0,1.2,4.0,94.0,10.0,0.7140000000000001,0.0,2.0,1.89,17.85055555555556,52.0,1.0,16.0,25.9%,1.0054471544715446,65.8%,85.1%,14.0,508.0,10.0,55.6%,16.0,1.0714285714285714,5.0,795.0,6.0,Right,6.0,1.9227826086956519,0.0,1.8610434782608696,1.8333333333333333,9.0,2.0,38%,86%,17%,0%,35%,77%,2.1199,1300.9333333333334
,1997-11-05,Wales,31.0,0.62,5.8273809523809526,4.0,47.0,0.61,7.0,14.0,1.2,7.658823529411765,47.0,3.0,0.33299999999999996,0.0,1.0,1.91,6.5,17.0,1.0,2.0,,0.0,34.7%,79.8%,7.402777777777778,323.0,2.0,100.0%,4.0,1.0714285714285714,3.0,532.0,9.0,Right,6.0,1.9227826086956519,0.0,1.8610434782608696,1.8333333333333333,2.0,8.096969696969698,89%,62%,90%,35%,27%,54%,2.1199,1300.9333333333334
,1997-07-08,Wales,8.0,0.205,8.0,25.0,114.0,0.429,15.0,24.0,1.2,18.0,115.0,26.0,0.703,0.0,3.0,1.73,8.5,21.0,5.0,30.0,24.2%,1.0054471544715446,41.2%,73.2%,8.0,626.0,42.0,37.5%,46.0,1.0714285714285714,24.0,1343.0,93.0,Left,7.0,1.9227826086956519,7.0,1.8610434782608696,1.8333333333333333,41.0,20.0,62%,84%,32%,34%,75%,58%,2.1199,1300.9333333333334
,1993-10-06,Portugal,66.0,0.46799999999999997,10.0,57.0,300.0,0.551,41.0,60.0,1.0,14.0,216.0,66.0,0.5589999999999999,0.0,7.0,1.75,8.5,43.0,6.0,33.0,14.4%,1.0054471544715446,35.2%,78.1%,15.0,1196.0,34.0,61.8%,48.0,1.0,68.0,2679.0,79.0,Right,21.0,1.9227826086956519,2.0,1.8610434782608696,1.8333333333333333,25.0,9.0,68%,71%,64%,0%,16%,99%,2.1199,1300.9333333333334
,1991-08-23,Paraguay,70.0,0.53,3.0,26.0,114.0,0.518,19.0,53.0,1.0,7.658823529411765,102.0,20.0,0.5,0.0,2.0,1.9,3.3,51.0,0.0,3.0,,1.0054471544715446,39.5%,79.4%,7.402777777777778,661.0,2.0,100.0%,4.0,1.0714285714285714,1.0,1185.0,29.0,Right,3.0,1.9227826086956519,1.0,1.8610434782608696,1.8333333333333333,19.0,2.0,44%,93%,44%,87%,63%,34%,2.1199,1300.9333333333334
,1993-09-30,Sweden,20.0,0.526,3.0,12.0,64.0,0.43,13.0,8.0,1.2,4.0,33.0,7.0,0.43799999999999994,0.0,1.0,1.77,1.6,24.165775401069517,2.0,8.0,10.0%,1.0054471544715446,,72.5%,1.0,171.0,28.0,57.6%,9.0,1.0714285714285714,19.0,419.0,34.0,Both,12.0,1.9227826086956519,1.0,1.8610434782608696,1.8333333333333333,12.0,4.0,55%,86%,13%,58%,78%,14%,2.1199,1300.9333333333334
,1993-08-11,Iran,11.0,0.379,5.0,19.0,62.0,0.37799999999999995,19.0,11.0,1.0,8.0,76.0,18.0,0.562,0.0,2.0,1.81,2.4,11.0,0.0,5.0,26.1%,1.0054471544715446,40.7%,69.3%,6.0,192.0,21.0,30.6%,8.0,1.0714285714285714,11.0,514.0,15.0,Right,30.0,1.9227826086956519,0.0,1.8610434782608696,1.8333333333333333,21.0,6.0,97%,57%,90%,32%,84%,93%,2.1199,1300.9333333333334
,1998-12-24,Argentina,3.0,0.2,9.0,5.0,42.0,0.506,8.0,2.0,1.2,6.0,32.0,4.0,0.444,0.0,1.0,1.74,70.0,19.0,1.0,18.0,25.0%,1.0054471544715446,57.6%,75.8%,10.0,182.0,8.0,58.3%,16.0,1.0714285714285714,14.0,401.0,7.0,Right,10.0,1.9227826086956519,2.0,1.8610434782608696,1.8333333333333333,22.0,5.0,21%,79%,64%,85%,66%,54%,2.1199,1300.9333333333334
,1994-05-13,South Africa,,,5.8273809523809526,14.919354838709678,,,16.427083333333332,15.775280898876405,1.2,7.658823529411765,73.40512820512821,,,0.10256410256410256,2.2205128205128206,1.75,1.4,24.165775401069517,1.323076923076923,13.73224043715847,,1.0054471544715446,,,7.402777777777778,417.97435897435895,15.912820512820513,,17.414893617021278,1.0714285714285714,16.533333333333335,809.9487179487179,36.80952380952381,Left,10.0,1.9227826086956519,1.9538461538461538,1.8610434782608696,1.8333333333333333,19.374358974358973,8.096969696969698,,,,,,,2.1199,1300.9333333333334
,1998-05-02,Denmark,,,3.0,4.0,26.0,0.542,4.0,3.0,1.2,2.0,23.0,,,0.0,1.0,1.73,13.0,7.0,1.0,7.0,26.7%,1.0054471544715446,53.8%,68.8%,8.0,88.0,6.0,60.9%,8.0,1.0714285714285714,14.0,241.0,25.0,Left,10.0,1.9227826086956519,1.0,1.8610434782608696,1.0,11.0,4.0,1%,88%,1%,80%,86%,49%,2.1199,1300.9333333333334
,1994-07-31,Kosovo,23.0,0.5,3.0,24.0,81.0,0.529,11.0,21.0,1.0,6.0,106.0,17.0,0.5670000000000001,0.0,1.0,1.82,1.9,33.0,0.0,23.0,24.2%,1.0054471544715446,34.0%,75.1%,22.0,545.0,3.0,45.5%,19.0,1.0714285714285714,10.0,1190.0,12.0,Right,94.0,1.9227826086956519,0.0,1.8610434782608696,1.8333333333333333,6.0,2.0,16%,78%,15%,93%,55%,64%,2.1199,1300.9333333333334
,1997-08-07,CUW,17.0,0.436,4.0,32.0,111.0,0.46799999999999997,33.0,23.0,1.0,16.0,121.0,29.0,0.63,0.0,4.0,1.78,4.8,58.0,0.0,18.0,26.5%,1.0054471544715446,48.3%,75.4%,9.0,539.0,17.0,52.0%,22.0,1.0714285714285714,26.0,1061.0,10.0,Right,10.0,1.9227826086956519,1.0,1.8610434782608696,1.8333333333333333,19.0,8.0,76%,20%,92%,64%,66%,68%,2.1199,1300.9333333333334
,1997-09-18,England,10.0,0.16899999999999998,2.0,2.0,35.0,0.267,8.0,2.0,1.2,7.0,38.0,2.0,0.4,0.0,0.0,1.83,4.0,4.0,0.0,8.0,,1.0054471544715446,44.4%,69.8%,7.402777777777778,148.0,24.0,46.2%,8.0,1.0,12.0,364.0,38.0,Right,18.0,1.9227826086956519,4.0,1.8610434782608696,1.8333333333333333,21.0,12.0,63%,35%,20%,54%,78%,39%,2.1199,1300.9333333333334
,1994-08-04,Norway,9.0,0.375,5.0,13.0,48.0,0.466,10.0,6.0,1.2,2.0,44.0,11.0,0.688,0.0,0.0,1.78,6.5,8.0,0.0,15.0,27.1%,1.0054471544715446,50.0%,73.4%,13.0,163.0,8.0,52.6%,13.0,1.0714285714285714,10.0,410.0,28.0,Right,10.0,1.9227826086956519,0.0,1.8610434782608696,1.8333333333333333,20.0,6.0,80%,92%,48%,75%,94%,78%,2.1199,1300.9333333333334
,1992-03-30,Scotland,17.0,0.436,12.0,34.0,85.0,0.44,20.0,12.0,1.0,19.0,80.0,20.0,0.7140000000000001,0.0,2.0,1.83,1.7,21.0,2.0,29.0,16.7%,1.0054471544715446,63.6%,78.4%,4.0,482.0,25.0,67.9%,21.0,1.0714285714285714,19.0,904.0,41.0,Right,40.0,1.9227826086956519,3.0,1.8610434782608696,1.8333333333333333,32.0,12.0,22%,97%,17%,84%,93%,69%,2.1199,1300.9333333333334
,1996-01-25,Spain,22.0,0.379,5.0,5.0,129.0,0.5329999999999999,15.0,6.0,1.2,6.0,54.0,13.0,0.812,0.0,1.0,1.78,9.5,5.0,1.0,17.0,42.9%,0.42,55.6%,72.2%,15.0,195.0,45.0,80.2%,26.0,1.0714285714285714,65.0,629.0,47.0,Right,11.0,1.9227826086956519,1.0,1.8610434782608696,1.8333333333333333,19.0,7.0,86%,82%,16%,9%,33%,27%,2.1199,1300.9333333333334
,1993-02-12,DR Congo,90.0,0.354,11.0,15.0,166.0,0.379,33.0,9.0,1.2,8.0,73.0,17.0,0.63,0.0,0.0,1.83,2.0,4.0,2.0,17.0,30.4%,1.0054471544715446,40.0%,74.3%,7.0,416.0,46.0,44.1%,36.0,1.0,15.0,1010.0,121.0,Both,17.545454545454547,1.9227826086956519,8.0,1.8610434782608696,2.0,51.0,23.0,,,,,,,2.1199,1300.9333333333334
,1995-02-24,England,11.0,0.25,11.0,20.0,128.0,0.451,14.0,11.0,1.2,12.0,89.0,17.0,0.654,0.0,2.0,1.73,17.85055555555556,13.0,2.0,16.0,18.9%,1.0054471544715446,26.0%,60.4%,14.0,186.0,38.0,41.1%,54.0,1.0714285714285714,37.0,809.0,80.0,Right,23.0,1.9227826086956519,3.0,1.8610434782608696,1.8333333333333333,46.0,15.0,38%,52%,23%,45%,86%,27%,2.1199,1300.9333333333334
,1993-02-02,Jamaica,11.0,0.23399999999999999,8.0,5.0,69.0,0.44799999999999995,5.0,3.0,1.2,6.0,62.0,9.0,0.562,0.0,0.0,1.7,6.0,5.0,2.0,16.0,33.3%,1.0054471544715446,25.0%,71.4%,2.0,222.0,29.0,61.5%,27.0,1.0714285714285714,16.0,541.0,54.0,Right,14.0,1.9227826086956519,5.0,1.8610434782608696,1.0,27.0,9.0,51%,13%,16%,30%,17%,24%,2.1199,1300.9333333333334
,1991-01-31,Ireland,4.0,0.33299999999999996,5.8273809523809526,7.0,35.0,0.583,8.0,17.0,1.2,3.0,29.0,7.0,0.389,0.0,3.0,1.83,17.85055555555556,16.0,0.0,5.0,28.6%,1.0054471544715446,53.3%,73.7%,2.0,132.0,1.0,,13.0,1.0714285714285714,16.533333333333335,309.0,5.0,Left,8.0,1.9227826086956519,0.0,1.8610434782608696,1.8333333333333333,2.0,1.0,8%,98%,11%,0%,62%,7%,2.1199,1300.9333333333334
,1991-08-21,CUW,7.0,0.41200000000000003,1.0,14.0,30.0,0.41700000000000004,13.0,15.0,1.2,5.0,39.0,10.0,0.667,0.0,2.0,1.87,17.85055555555556,9.0,0.0,1.0,28.6%,1.0054471544715446,37.5%,66.9%,2.0,97.0,5.0,71.4%,3.0,1.0714285714285714,5.0,254.0,2.0,Right,7.0,1.9227826086956519,0.0,1.8610434782608696,1.8333333333333333,5.0,1.0,50%,87%,14%,95%,97%,58%,2.1199,1300.9333333333334
,1994-01-19,England,32.0,0.604,5.8273809523809526,4.0,48.0,0.608,6.0,19.0,1.2,7.658823529411765,64.0,7.0,0.636,0.0,2.0,1.88,2.2,45.0,0.0,2.0,,1.0054471544715446,52.3%,82.4%,7.402777777777778,393.0,0.0,,5.0,1.0714285714285714,16.533333333333335,628.0,7.0,Right,17.545454545454547,1.9227826086956519,0.0,1.8610434782608696,1.8333333333333333,2.0,1.0,,,,,,,2.1199,1300.9333333333334
,1991-02-03,Ivory Coast,136.0,0.68,4.0,22.0,248.0,0.654,29.0,72.0,1.2,1.0,213.0,52.0,0.612,1.0,2.0,1.95,1.7,85.0,0.0,11.0,,0.0,39.0%,81.0%,7.402777777777778,1389.0,15.0,81.2%,14.0,1.0714285714285714,13.0,2236.0,34.0,Right,30.0,0.27,4.0,0.27,1.8333333333333333,24.0,6.0,75%,27%,69%,0%,8%,6%,2.1199,1300.9333333333334
,1993-09-17,England,31.0,0.456,7.0,18.0,135.0,0.5489999999999999,25.0,31.0,1.2,3.0,125.0,41.0,0.672,0.0,5.0,1.7,1.3,47.0,1.0,24.0,19.1%,1.0054471544715446,37.3%,75.3%,22.0,716.0,18.0,53.6%,28.0,1.0714285714285714,15.0,1672.0,36.0,Left,15.0,1.9227826086956519,0.0,1.8610434782608696,1.8333333333333333,21.0,7.0,75%,82%,91%,40%,55%,69%,2.1199,1300.9333333333334
,1986-12-19,Netherlands,15.0,0.441,10.0,6.0,66.0,0.48200000000000004,14.0,6.0,1.2,3.0,48.0,4.0,0.5,0.0,3.0,1.85,17.85055555555556,11.0,3.0,23.0,28.9%,1.0054471544715446,50.0%,82.9%,11.0,389.0,28.0,79.4%,16.0,1.0714285714285714,27.0,725.0,36.0,Right,17.545454545454547,1.9227826086956519,5.0,1.8610434782608696,1.8333333333333333,27.0,9.0,,,,,,,2.1199,1300.9333333333334
,,Spain,6.0,0.462,2.0,2.0,17.0,0.531,2.0,9.0,1.2,2.0,29.0,2.0,0.4,0.0,1.0,1.7,5.0,7.0,0.0,9.0,20.90%,1.0054471544715446,26.90%,84.30%,9.0,285.0,3.0,80.00%,2.0,1.0714285714285714,4.0,490.0,11.0,Left,3.0,1.9227826086956519,0.0,1.8610434782608696,1.8333333333333333,5.0,8.096969696969698,56%,92%,30%,81%,58%,62%,2.1199,1300.9333333333334
,,Japan,3.0,0.375,3.0,8.0,12.0,0.27899999999999997,7.0,15.775280898876405,1.2,2.0,12.0,3.0,1.0,0.0,0.0,1.74,18.0,2.0,0.0,1.0,50.00%,1.0054471544715446,66.70%,89.60%,1.0,95.0,5.0,40.00%,3.0,1.0714285714285714,4.0,158.0,13.0,Right,18.0,1.9227826086956519,0.0,1.8610434782608696,1.8333333333333333,8.0,2.0,65%,46%,50%,64%,57%,15%,2.1199,1300.9333333333334
,,Netherlands,10.0,0.833,5.8273809523809526,14.919354838709678,11.0,0.846,16.427083333333332,15.775280898876405,1.2,7.658823529411765,7.0,1.0,1.0,0.0,0.0,1.89,20.0,5.0,0.0,13.73224043715847,,1.0054471544715446,55.60%,84.80%,7.402777777777778,84.0,0.0,,17.414893617021278,1.0714285714285714,16.533333333333335,105.0,36.80952380952381,Right,4.0,1.9227826086956519,0.0,1.8610434782608696,1.8333333333333333,0.0,8.096969696969698,90%,34%,43%,0%,67%,24%,2.1199,1300.9333333333334
,,Portugal,3.0,0.214,7.0,33.0,54.0,0.429,9.0,11.0,1.2,10.0,67.0,12.0,0.545,0.0,2.0,1.79,58.0,46.0,7.0,30.0,18.70%,1.0054471544715446,52.90%,75.70%,14.0,588.0,13.0,71.40%,14.0,2.0,15.0,1056.0,42.0,Right,8.0,1.9227826086956519,8.0,1.8610434782608696,4.0,44.0,18.0,70%,95%,88%,69%,82%,97%,2.1199,1300.9333333333334
,,Netherlands,7.0,0.467,3.0,8.0,35.0,0.455,7.0,1.0,1.2,2.0,39.0,6.0,0.6,0.0,2.0,1.78,18.5,24.165775401069517,1.0,13.0,40.00%,1.0054471544715446,,86.10%,4.0,210.0,10.0,44.40%,10.0,1.0,8.0,370.0,21.0,Right,34.0,1.9227826086956519,3.0,1.8610434782608696,1.8333333333333333,9.0,4.0,12%,53%,13%,96%,78%,61%,2.1199,1300.9333333333334
,,Scotland,9.0,0.375,1.0,4.0,53.0,0.602,8.0,9.0,1.0,4.0,60.0,16.0,0.8,0.0,2.0,1.78,8.0,18.0,1.0,6.0,18.20%,1.0054471544715446,37.50%,78.50%,8.0,346.0,5.0,80.00%,12.0,1.0714285714285714,12.0,711.0,15.0,Left,17.545454545454547,1.9227826086956519,1.0,1.8610434782608696,1.8333333333333333,6.0,2.0,53%,98%,15%,95%,36%,81%,2.1199,1300.9333333333334
,,Brazil,8.0,0.17800000000000002,2.0,13.0,46.0,0.33299999999999996,9.0,3.0,1.2,4.0,34.0,15.0,0.75,0.0,1.0,1.8,80.0,2.0,0.0,2.0,,1.0054471544715446,40.00%,69.80%,7.402777777777778,81.0,12.0,28.10%,10.0,1.0714285714285714,9.0,309.0,39.0,Right,11.0,1.9227826086956519,3.0,1.8610434782608696,1.8333333333333333,12.0,5.0,62%,48%,13%,50%,53%,15%,2.1199,1300.9333333333334
,,Wales,8.0,0.235,10.0,37.0,110.0,0.442,14.0,7.0,1.2,10.0,92.0,10.0,0.47600000000000003,0.0,4.0,1.7,15.0,13.0,6.0,26.0,15.60%,1.0054471544715446,44.80%,78.70%,15.0,549.0,29.0,43.50%,55.0,1.0,27.0,1162.0,90.0,Right,7.0,1.9227826086956519,3.0,1.8610434782608696,1.8333333333333333,42.0,20.0,71%,46%,9%,85%,91%,12%,2.1199,1300.9333333333334
,,Mexico,87.0,0.42200000000000004,29.0,28.0,203.0,0.418,39.0,16.0,1.2,17.0,82.0,12.0,0.6,0.0,3.0,1.88,5.3,46.0,6.0,48.0,17.90%,1.0054471544715446,57.50%,72.30%,5.0,716.0,67.0,62.60%,35.0,1.0,62.0,1644.0,205.0,Right,7.0,1.9227826086956519,17.0,1.8610434782608696,4.0,118.0,44.0,80%,63%,88%,76%,81%,80%,2.1199,1300.9333333333334
,,Portugal,,,4.0,2.0,19.0,0.475,5.0,2.0,1.2,1.0,12.0,3.0,1.0,0.0,0.0,1.65,14.0,3.0,0.0,5.0,20.00%,1.0054471544715446,42.90%,72.60%,1.0,69.0,4.0,63.60%,9.0,1.0,7.0,164.0,13.0,Right,56.0,1.9227826086956519,1.0,1.8610434782608696,1.8333333333333333,10.0,3.0,10%,89%,11%,29%,46%,56%,2.1199,1300.9333333333334
,,Belgium,96.0,0.5329999999999999,5.0,39.0,187.0,0.528,31.0,38.0,1.0,3.0,152.0,31.0,0.456,0.0,5.0,1.88,7.5,66.0,0.0,9.0,37.50%,1.0054471544715446,66.70%,83.30%,3.0,1102.0,11.0,76.20%,9.0,1.0714285714285714,16.0,1689.0,42.0,Right,32.0,1.9227826086956519,4.0,1.8610434782608696,1.8333333333333333,20.0,5.0,94%,11%,88%,41%,59%,90%,2.1199,1300.9333333333334
,,Azerbaijan,12.0,0.429,2.0,1.0,22.0,0.379,12.0,15.775280898876405,1.2,1.0,12.0,4.0,1.0,0.0,2.0,1.86,1.5,2.0,0.0,3.0,,1.0054471544715446,50.00%,63.60%,7.402777777777778,35.0,7.0,16.70%,6.0,1.0714285714285714,1.0,111.0,14.0,Right,17.0,1.9227826086956519,0.0,1.8610434782608696,1.8333333333333333,5.0,1.0,75%,63%,61%,57%,49%,52%,2.1199,1300.9333333333334
,,England,9.0,0.375,5.8273809523809526,2.0,20.0,0.488,4.0,2.0,1.2,1.0,18.0,7.0,0.875,0.0,0.0,1.95,47.0,13.0,0.0,13.73224043715847,,1.0054471544715446,46.40%,87.90%,7.402777777777778,196.0,0.0,100.00%,3.0,1.0714285714285714,1.0,263.0,36.80952380952381,Left,32.0,1.9227826086956519,0.0,1.8610434782608696,1.8333333333333333,0.0,8.096969696969698,59%,17%,79%,0%,22%,10%,2.1199,1300.9333333333334
,,England,22.0,0.4,1.0,10.0,85.0,0.545,8.0,11.0,1.0,1.0,64.0,17.0,0.47200000000000003,0.0,1.0,1.83,18.0,20.0,1.0,12.0,18.90%,0.03,32.80%,82.60%,7.0,563.0,12.0,47.10%,20.0,1.0714285714285714,8.0,1000.0,18.0,Right,2.0,1.9227826086956519,0.0,1.8610434782608696,1.8333333333333333,7.0,8.096969696969698,87%,10%,77%,87%,66%,49%,2.1199,1300.9333333333334
,,England,5.0,0.20800000000000002,10.0,13.0,59.0,0.444,4.0,16.0,1.2,5.0,55.0,15.0,0.789,0.0,0.0,1.74,50.0,13.0,4.0,15.0,25.00%,0.15,59.10%,77.00%,15.0,164.0,14.0,38.50%,20.0,1.0714285714285714,15.0,462.0,46.0,Left,20.0,0.64,1.0,0.64,1.8333333333333333,24.0,7.0,34%,48%,37%,86%,83%,17%,0.53,1300.9333333333334
,,Ghana,80.0,0.319,14.0,32.0,303.0,0.43200000000000005,59.0,15.0,1.2,22.0,147.0,30.0,0.625,0.0,6.0,1.82,4.2,19.0,2.0,30.0,4.00%,1.0054471544715446,59.40%,81.30%,1.0,662.0,95.0,62.40%,105.0,1.0714285714285714,73.0,1562.0,130.0,Right,18.0,1.9227826086956519,9.0,1.8610434782608696,1.8333333333333333,58.0,24.0,88%,31%,53%,80%,27%,27%,2.1199,1300.9333333333334
,,Denmark,111.0,0.5870000000000001,6.0,48.0,228.0,0.53,38.0,66.0,1.2,11.0,162.0,46.0,0.639,0.0,8.0,1.93,18.0,43.0,1.0,15.0,7.10%,1.0054471544715446,50.60%,74.80%,1.0,863.0,28.0,62.90%,23.0,1.0714285714285714,22.0,1776.0,51.0,Left,15.0,1.9227826086956519,1.0,1.8610434782608696,1.8333333333333333,33.0,8.0,99%,99%,99%,86%,99%,68%,2.1199,1300.9333333333334
,,Netherlands,2.0,0.154,2.0,3.0,32.0,0.41600000000000004,16.427083333333332,8.0,1.2,3.0,29.0,2.0,0.5,0.0,0.0,1.79,13.0,6.0,0.0,5.0,22.20%,1.0054471544715446,60.00%,81.00%,2.0,179.0,14.0,55.30%,5.0,1.0714285714285714,21.0,348.0,24.0,Both,11.0,1.9227826086956519,0.0,1.8610434782608696,1.8333333333333333,13.0,4.0,10%,44%,3%,42%,61%,11%,2.1199,1300.9333333333334
,,England,11.0,0.355,1.0,1.0,22.0,0.415,7.0,6.0,1.2,3.0,42.0,3.0,0.429,0.0,2.0,1.9,18.0,10.0,0.0,2.0,16.70%,1.0054471544715446,34.50%,80.10%,1.0,161.0,3.0,100.00%,2.0,1.0714285714285714,2.0,302.0,6.0,Left,6.0,1.9227826086956519,0.0,1.8610434782608696,1.8333333333333333,1.0,8.096969696969698,88%,56%,27%,0%,58%,52%,2.1199,1300.9333333333334
,,England,27.0,0.574,5.8273809523809526,14.0,74.0,0.544,10.0,18.0,1.2,6.0,88.0,11.0,0.524,0.0,2.0,1.8,3.0,28.0,2.0,10.0,11.10%,1.0054471544715446,32.20%,74.00%,4.0,445.0,11.0,69.60%,10.0,1.0714285714285714,16.0,1008.0,24.0,Right,3.0,1.9227826086956519,0.0,1.8610434782608696,1.8333333333333333,5.0,2.0,64%,59%,65%,75%,35%,32%,2.1199,1300.9333333333334
,,England,20.0,0.526,2.0,8.0,48.0,0.5710000000000001,6.0,14.0,1.2,2.0,43.0,8.0,0.5710000000000001,0.0,2.0,1.78,13.0,10.0,0.0,3.0,,1.0054471544715446,35.70%,82.50%,7.402777777777778,273.0,4.0,87.50%,9.0,1.0714285714285714,7.0,444.0,9.0,Right,8.0,1.9227826086956519,0.0,1.8610434782608696,1.8333333333333333,6.0,8.096969696969698,66%,70%,37%,100%,84%,31%,2.1199,1300.9333333333334
,,England,80.0,0.348,12.0,25.0,140.0,0.348,26.0,5.0,1.2,15.0,67.0,19.0,0.655,0.0,1.0,1.85,17.85055555555556,6.0,1.0,6.0,6.70%,1.0054471544715446,54.50%,69.80%,1.0,324.0,43.0,46.20%,15.0,1.0714285714285714,18.0,857.0,88.0,Right,16.0,1.9227826086956519,8.0,1.8610434782608696,1.0,67.0,30.0,97%,5%,76%,41%,30%,6%,2.1199,1300.9333333333334
,,Netherlands,33.0,0.647,1.0,41.0,110.0,0.542,21.0,28.0,1.0,3.0,97.0,32.0,0.593,0.0,2.0,1.83,17.85055555555556,29.0,4.0,18.0,26.80%,1.0054471544715446,29.90%,72.10%,11.0,537.0,6.0,33.30%,20.0,1.0714285714285714,4.0,1257.0,14.0,Left,33.0,1.9227826086956519,0.0,1.8610434782608696,1.8333333333333333,14.0,3.0,26%,0%,11%,0%,4%,82%,2.1199,1300.9333333333334
,,Scotland,41.0,0.35,14.0,3.0,81.0,0.401,17.0,2.0,1.2,11.0,51.0,4.0,0.667,0.0,0.0,1.78,15.0,6.0,2.0,13.0,7.70%,1.0054471544715446,54.50%,64.90%,1.0,161.0,21.0,72.00%,16.0,1.0,18.0,467.0,65.0,Right,18.0,1.9227826086956519,4.0,1.8610434782608696,1.8333333333333333,36.0,10.0,34%,48%,17%,42%,26%,28%,2.1199,1300.9333333333334
,,Mali,3.0,0.158,3.0,10.0,104.0,0.531,23.0,9.0,1.2,5.0,48.0,21.0,0.778,1.0,4.0,1.77,3.5,5.0,2.0,11.0,19.00%,1.0054471544715446,22.70%,74.10%,4.0,177.0,21.0,66.70%,30.0,1.0714285714285714,44.0,551.0,53.0,Right,12.0,1.9227826086956519,2.0,1.8610434782608696,1.8333333333333333,20.0,8.0,6%,18%,43%,23%,4%,7%,2.1199,1300.9333333333334
,,England,111.0,0.631,3.0,18.0,170.0,0.62,13.0,45.0,2.0,1.0,176.0,17.0,0.5670000000000001,0.0,4.0,1.85,23.0,114.0,1.0,11.0,33.30%,1.0054471544715446,50.20%,83.10%,2.0,1563.0,5.0,77.80%,19.0,1.0714285714285714,14.0,2283.0,30.0,Right,4.0,1.9227826086956519,3.0,1.8610434782608696,1.8333333333333333,16.0,7.0,49%,81%,48%,74%,42%,88%,2.1199,1300.9333333333334
,,France,26.0,0.226,31.0,20.0,115.0,0.321,38.0,4.0,1.2,21.0,98.0,12.0,0.6,0.0,3.0,1.71,15.0,15.0,3.0,25.0,16.70%,1.0054471544715446,62.50%,79.60%,2.0,532.0,56.0,35.30%,46.0,1.0714285714285714,24.0,1167.0,178.0,Right,8.0,1.9227826086956519,10.0,1.8610434782608696,1.0,96.0,38.0,15%,49%,9%,24%,3%,54%,2.1199,1300.9333333333334
,,Belgium,2.0,0.105,8.0,32.0,64.0,0.348,14.0,9.0,1.2,15.0,100.0,17.0,0.773,0.0,0.0,1.75,33.0,40.0,3.0,42.0,25.30%,1.0054471544715446,63.50%,74.50%,19.0,529.0,33.0,54.70%,11.0,1.0714285714285714,29.0,1107.0,100.0,Right,19.0,1.9227826086956519,5.0,1.8610434782608696,1.8333333333333333,41.0,12.0,18%,41%,22%,52%,72%,48%,2.1199,1300.9333333333334
,,Australia,15.0,0.375,8.0,34.0,101.0,0.433,13.0,23.0,1.2,14.0,134.0,24.0,0.649,1.0,1.0,1.74,4.5,43.0,2.0,39.0,21.10%,1.0054471544715446,51.80%,81.50%,23.0,791.0,42.0,67.90%,11.0,1.0714285714285714,38.0,1464.0,43.0,Right,17.545454545454547,1.9227826086956519,2.0,1.8610434782608696,1.8333333333333333,33.0,8.0,,,,,,,2.1199,1300.9333333333334
,,Ghana,3.0,0.273,1.0,7.0,45.0,0.517,13.0,16.0,1.2,7.658823529411765,33.0,8.0,0.889,0.0,2.0,1.7,13.0,2.0,1.0,7.0,13.00%,1.0054471544715446,16.70%,84.30%,3.0,150.0,7.0,65.20%,18.0,1.0714285714285714,15.0,378.0,11.0,Right,2.0,1.9227826086956519,0.0,1.8610434782608696,1.8333333333333333,2.0,8.096969696969698,2%,26%,65%,96%,57%,18%,2.1199,1300.9333333333334
,,England,75.0,0.564,2.0,27.0,206.0,0.589,31.0,51.0,1.2,8.0,133.0,34.0,0.618,0.0,6.0,1.84,1.4,57.0,1.0,22.0,18.90%,1.0054471544715446,31.00%,62.60%,20.0,583.0,14.0,60.00%,54.0,1.0,24.0,1793.0,13.0,Left,3.0,1.9227826086956519,2.0,1.8610434782608696,1.8333333333333333,8.0,3.0,98%,33%,84%,94%,89%,69%,2.1199,1300.9333333333334
,,DR Congo,,,5.8273809523809526,2.0,6.0,0.4,3.0,2.0,1.2,7.658823529411765,8.0,3.0,0.6,0.0,1.0,1.86,17.85055555555556,24.165775401069517,0.0,13.73224043715847,,1.0054471544715446,,76.50%,7.402777777777778,39.0,0.0,,1.0,1.0714285714285714,16.533333333333335,80.0,1.0,Right,33.0,1.9227826086956519,0.0,1.8610434782608696,1.8333333333333333,0.0,8.096969696969698,35%,51%,69%,88%,56%,6%,2.1199,1300.9333333333334
,,Norway,35.0,0.6859999999999999,1.0,5.0,77.0,0.606,18.0,10.0,1.2,3.0,56.0,15.0,0.682,0.0,0.0,1.93,22.0,13.0,1.0,2.0,9.10%,1.0054471544715446,52.00%,79.90%,2.0,294.0,7.0,75.00%,5.0,1.0714285714285714,15.0,534.0,20.0,Right,16.0,1.9227826086956519,1.0,1.8610434782608696,1.8333333333333333,5.0,2.0,75%,38%,49%,0%,1%,62%,2.1199,1300.9333333333334
,,Scotland,200.0,0.503,7.0,29.0,284.0,0.48100000000000004,28.0,15.0,1.2,16.0,91.0,22.0,0.595,0.0,4.0,1.88,4.7,9.0,0.0,10.0,11.10%,1.0054471544715446,52.90%,60.50%,1.0,373.0,34.0,50.00%,28.0,1.0714285714285714,22.0,1023.0,111.0,Right,16.0,1.9227826086956519,6.0,1.8610434782608696,1.8333333333333333,50.0,25.0,91%,69%,83%,13%,11%,37%,2.1199,1300.9333333333334
,,Ireland,4.0,0.174,3.0,5.0,19.0,0.247,11.0,7.0,1.2,5.0,28.0,3.0,0.5,0.0,1.0,1.78,1.7,4.0,1.0,4.0,20.00%,1.0054471544715446,40.00%,84.10%,3.0,116.0,17.0,38.50%,4.0,1.0714285714285714,5.0,248.0,24.0,Right,47.0,1.9227826086956519,1.0,1.8610434782608696,1.8333333333333333,12.0,4.0,7%,56%,2%,80%,63%,46%,2.1199,1300.9333333333334
,,England,4.0,0.4,2.0,6.0,23.0,0.397,6.0,10.0,1.2,2.0,20.0,4.0,0.667,0.0,2.0,1.83,17.85055555555556,2.0,0.0,3.0,40.00%,1.0054471544715446,22.20%,79.70%,6.0,106.0,13.0,66.70%,5.0,1.0714285714285714,8.0,227.0,4.0,Left,17.545454545454547,1.9227826086956519,0.0,1.8610434782608696,1.8333333333333333,3.0,8.096969696969698,,,,,,,2.1199,1300.9333333333334
,,England,6.0,0.4,1.0,13.0,31.0,0.47,9.0,6.0,1.2,3.0,43.0,10.0,0.667,0.0,0.0,1.76,17.85055555555556,8.0,0.0,7.0,18.80%,1.0054471544715446,25.80%,71.00%,3.0,164.0,0.0,50.00%,6.0,1.0714285714285714,4.0,334.0,16.0,Left,8.0,1.9227826086956519,0.0,1.8610434782608696,1.8333333333333333,3.0,1.0,26%,93%,35%,0%,4%,58%,2.1199,1300.9333333333334
,,England,14.0,0.609,5.8273809523809526,5.0,30.0,0.625,4.0,8.0,1.2,7.658823529411765,30.0,5.0,0.5,0.0,0.0,1.8,17.85055555555556,14.0,0.0,2.0,16.70%,1.0054471544715446,34.10%,78.70%,1.0,196.0,1.0,100.00%,4.0,1.0714285714285714,2.0,354.0,1.0,Left,19.0,1.9227826086956519,0.0,1.8610434782608696,1.8333333333333333,0.0,8.096969696969698,73%,64%,26%,0%,35%,82%,2.1199,1300.9333333333334
,,England,49.0,0.516,3.0,9.0,104.0,0.568,17.0,25.0,1.0,4.0,100.0,9.0,0.5,0.0,3.0,1.83,30.0,34.0,2.0,11.0,46.20%,1.0054471544715446,29.80%,78.10%,6.0,604.0,5.0,70.00%,32.0,1.0714285714285714,7.0,1133.0,21.0,Right,4.0,1.9227826086956519,1.0,1.8610434782608696,1.8333333333333333,11.0,4.0,2%,24%,1%,66%,45%,35%,2.1199,1300.9333333333334
,,Zimbabwe,23.0,0.442,5.8273809523809526,43.0,115.0,0.511,26.0,39.0,1.2,5.0,155.0,28.0,0.509,0.0,5.0,1.75,5.2,24.0,0.0,12.0,,1.0054471544715446,42.10%,84.30%,7.402777777777778,659.0,10.0,73.70%,24.0,1.0714285714285714,14.0,1109.0,2.0,Left,13.0,1.9227826086956519,0.0,1.8610434782608696,1.8333333333333333,7.0,1.0,34%,1%,62%,0%,2%,24%,2.1199,1300.9333333333334
,,Egypt,29.0,0.397,22.0,35.0,128.0,0.435,35.0,25.0,1.2,8.0,79.0,16.0,0.42100000000000004,1.0,2.0,1.81,4.7,9.0,1.0,21.0,16.40%,1.0054471544715446,39.10%,75.00%,11.0,273.0,20.0,46.90%,32.0,1.0,30.0,846.0,79.0,Both,7.0,1.9227826086956519,6.0,1.8610434782608696,1.8333333333333333,50.0,17.0,12%,32%,9%,99%,85%,14%,2.1199,1300.9333333333334
,,Spain,4.0,0.5710000000000001,5.8273809523809526,14.919354838709678,6.0,0.6,2.0,1.0,1.2,7.658823529411765,9.0,1.0,0.5,0.0,0.0,1.91,3.5,8.0,0.0,13.73224043715847,,1.0054471544715446,47.10%,85.00%,7.402777777777778,85.0,0.0,,17.414893617021278,1.0714285714285714,16.533333333333335,114.0,36.80952380952381,Left,18.0,1.9227826086956519,0.0,1.8610434782608696,1.8333333333333333,0.0,8.096969696969698,66%,29%,94%,0%,17%,56%,2.1199,1300.9333333333334
,1993-08-31,Spain,27.0,0.551,1.0,5.0,47.0,0.58,8.0,9.0,1.0,1.0,36.0,9.0,0.6,0.0,2.0,1.91,3.5,18.0,0.0,2.0,,0.33,28.6%,87.6%,7.402777777777778,551.0,0.0,100.0%,4.0,1.0714285714285714,3.0,710.0,3.0,Left,18.0,0.05,0.0,0.05,1.8333333333333333,2.0,8.096969696969698,66%,29%,94%,0%,17%,56%,2.1199,900.0
,1995-12-30,England,136.0,0.466,26.0,23.0,254.0,0.431,47.0,7.0,1.2,28.0,77.0,17.0,0.586,1.0,2.0,1.8,70.0,6.0,5.0,45.0,22.7%,3.82,60.0%,71.5%,5.0,575.0,85.0,57.1%,49.0,1.0714285714285714,40.0,1411.0,241.0,Right,11.0,14.55,14.0,12.98,1.0,97.0,45.0,47%,64%,12%,61%,61%,10%,15.06,3329.0
,1997-08-07,Poland,35.0,0.473,4.0,33.0,139.0,0.529,35.0,60.0,2.0,3.0,134.0,40.0,0.563,1.0,6.0,1.85,25.0,57.0,2.0,21.0,27.2%,1.72,34.8%,75.7%,22.0,763.0,13.0,66.7%,22.0,1.0714285714285714,12.0,1729.0,25.0,Right,2.0,0.3,0.0,0.3,1.8333333333333333,9.0,2.0,51%,26%,47%,65%,87%,11%,0.15,2378.0
,1999-04-07,Poland,7.0,0.368,5.0,13.0,34.0,0.382,12.0,3.0,1.2,6.0,35.0,7.0,0.467,0.0,0.0,1.9,10.5,5.0,0.0,3.0,9.1%,0.32,23.8%,73.4%,1.0,193.0,10.0,52.9%,3.0,1.0714285714285714,9.0,399.0,23.0,Right,7.0,0.77,0.0,0.77,1.8333333333333333,13.0,3.0,58%,73%,68%,77%,73%,72%,0.27,648.0
,2000-06-08,Netherlands,91.0,0.615,2.0,13.0,152.0,0.5870000000000001,34.0,57.0,4.0,7.658823529411765,141.0,35.0,0.7,0.0,6.0,1.89,33.0,95.0,1.0,14.0,16.7%,0.88,52.2%,83.2%,1.0,1186.0,9.0,85.7%,5.0,1.0714285714285714,6.0,1831.0,21.0,Right,29.0,1.16,1.0,1.16,1.8333333333333333,14.0,2.0,71%,92%,34%,33%,47%,85%,0.56,2324.0
,1992-01-15,Netherlands,42.0,0.525,3.0,28.0,166.0,0.574,34.0,33.0,1.2,10.0,140.0,33.0,0.493,0.0,3.0,1.82,14.0,69.0,1.0,22.0,31.7%,1.63,43.4%,77.7%,20.0,971.0,7.0,50.0%,39.0,1.0714285714285714,18.0,1891.0,32.0,Right,34.0,1.07,1.0,1.07,1.8333333333333333,14.0,4.0,65%,9%,82%,0%,13%,35%,1.23,2282.0
,1998-06-29,England,12.0,0.293,11.0,19.0,175.0,0.534,18.0,24.0,1.2,12.0,178.0,14.0,0.519,0.0,3.0,1.78,60.0,25.0,6.0,43.0,26.7%,2.82,45.5%,84.2%,23.0,916.0,37.0,54.2%,72.0,1.0714285714285714,64.0,1649.0,43.0,Right,10.0,2.31,4.0,2.31,1.8333333333333333,37.0,13.0,24%,80%,17%,80%,92%,67%,3.06,2562.0
,1998-01-15,England,57.0,0.64,5.0,14.0,138.0,0.6629999999999999,15.0,33.0,1.0,1.0,136.0,33.0,0.6,0.0,4.0,1.83,10.0,36.0,2.0,4.0,50.0%,0.44,34.0%,84.7%,3.0,1032.0,6.0,75.0%,17.0,1.0714285714285714,9.0,1739.0,16.0,Right,44.0,1.14,0.0,1.14,1.8333333333333333,14.0,2.0,85%,20%,15%,0%,18%,11%,0.29,2683.0
,2000-11-01,France,,,5.8273809523809526,5.0,6.0,0.4,1.0,15.775280898876405,1.2,1.0,3.0,3.0,0.75,0.0,1.0,1.84,7.7,1.0,0.0,13.73224043715847,25.0%,0.01,33.3%,85.7%,1.0,24.0,1.0,50.0%,17.414893617021278,1.0714285714285714,2.0,61.0,36.80952380952381,Left,29.0,0.03,0.0,0.03,1.8333333333333333,1.0,8.096969696969698,54%,92%,98%,0%,83%,76%,2.1199,81.0
,1994-02-14,Netherlands,3.0,0.6,5.8273809523809526,14.919354838709678,7.0,0.7,1.0,2.0,1.2,7.658823529411765,3.0,2.0,0.667,0.0,0.0,1.88,17.85055555555556,24.165775401069517,0.0,13.73224043715847,100.0%,0.04,,81.8%,1.0,36.0,0.0,,1.0,1.0714285714285714,16.533333333333335,55.0,1.0,Left,23.0,1.9227826086956519,0.0,1.8610434782608696,1.8333333333333333,0.0,8.096969696969698,73%,80%,94%,0%,20%,46%,2.1199,90.0
,1997-08-08,United States,36.0,0.667,4.0,17.0,140.0,0.586,20.0,37.0,1.2,7.0,135.0,28.0,0.622,1.0,4.0,1.83,30.0,33.0,0.0,29.0,26.7%,1.95,31.1%,74.9%,27.0,784.0,22.0,69.9%,8.0,1.0714285714285714,51.0,1767.0,38.0,Left,33.0,0.42,0.0,0.42,1.8333333333333333,10.0,4.0,82%,72%,88%,0%,38%,80%,0.34,2162.0
,1997-09-24,England,83.0,0.68,2.0,21.0,136.0,0.621,16.0,42.0,1.0,7.658823529411765,143.0,19.0,0.514,0.0,1.0,1.97,21.0,118.0,0.0,5.0,,0.38,46.8%,86.2%,7.402777777777778,1642.0,5.0,78.6%,6.0,1.0714285714285714,11.0,2315.0,36.0,Right,4.0,1.14,0.0,1.14,1.8333333333333333,18.0,5.0,66%,19%,16%,98%,86%,98%,0.52,2954.0
,1995-08-11,England,59.0,0.6409999999999999,1.0,3.0,94.0,0.662,10.0,26.0,1.2,7.658823529411765,88.0,8.0,0.364,0.0,1.0,1.83,3.2,75.0,0.0,3.0,50.0%,0.3,48.4%,79.0%,2.0,597.0,1.0,80.0%,10.0,1.0,4.0,964.0,11.0,Left,17.545454545454547,0.26,0.0,0.26,1.8333333333333333,5.0,1.0,88%,25%,38%,36%,16%,99%,2.1199,1691.0
,1997-05-14,Portugal,62.0,0.614,1.0,12.0,111.0,0.5870000000000001,21.0,35.0,2.0,3.0,135.0,13.0,0.542,0.0,4.0,1.87,85.0,109.0,0.0,3.0,50.0%,0.44,60.2%,93.2%,1.0,2528.0,4.0,75.0%,20.0,1.0714285714285714,6.0,2988.0,30.0,Right,3.0,1.88,1.0,1.88,1.8333333333333333,14.0,6.0,36%,36%,3%,0%,53%,97%,1.43,2845.0
,1998-07-04,Argentina,10.0,0.217,4.0,4.0,38.0,0.32799999999999996,22.0,6.0,1.0,4.0,30.0,4.0,0.8,1.0,4.0,1.76,3.8,7.0,1.0,9.0,33.3%,1.0054471544715446,63.6%,74.2%,2.0,144.0,14.0,60.0%,17.0,1.0714285714285714,6.0,358.0,37.0,,7.0,1.9227826086956519,2.0,1.8610434782608696,1.8333333333333333,29.0,11.0,4%,55%,30%,1%,85%,72%,2.1199,899.0
,2002-06-03,Brazil,7.0,0.318,3.0,13.0,76.0,0.434,20.0,15.0,1.2,6.0,113.0,11.0,0.45799999999999996,0.0,4.0,1.68,26.0,57.0,4.0,16.0,20.3%,1.0054471544715446,48.7%,75.4%,13.0,522.0,19.0,48.5%,13.0,1.0714285714285714,32.0,1188.0,31.0,Right,2.0,1.9227826086956519,1.0,1.8610434782608696,1.8333333333333333,12.0,2.0,0%,64%,40%,0%,44%,93%,2.1199,1659.0
,2001-05-12,Burkina Faso,9.0,0.25,2.0,11.0,88.0,0.447,30.0,26.0,1.0,9.0,90.0,29.0,0.853,1.0,5.0,1.8,6.3,30.0,3.0,18.0,30.0%,1.69,54.5%,78.9%,27.0,456.0,26.0,48.4%,30.0,1.0,15.0,1083.0,21.0,Right,29.0,0.16,0.0,0.16,1.8333333333333333,4.0,8.096969696969698,49%,62%,8%,0%,59%,2%,2.1199,1474.0
,1997-04-18,Netherlands,2.0,0.28600000000000003,5.8273809523809526,8.0,31.0,0.517,5.0,6.0,1.2,7.0,38.0,10.0,0.667,0.0,1.0,1.81,5.0,6.0,1.0,3.0,,0.82,60.0%,86.1%,7.402777777777778,235.0,8.0,72.7%,6.0,1.0,8.0,370.0,27.0,Right,6.0,0.37,1.0,0.37,1.8333333333333333,2.0,1.0,54%,22%,84%,18%,4%,6%,0.91,513.0
,1992-12-15,Brazil,17.0,0.5479999999999999,1.0,9.0,36.0,0.5,4.0,16.0,1.2,3.0,45.0,7.0,0.5,0.0,0.0,1.81,7.0,14.0,2.0,12.0,21.8%,1.11,37.8%,84.7%,12.0,388.0,5.0,42.9%,4.0,1.0714285714285714,3.0,686.0,3.0,Left,13.0,0.16,0.0,0.16,1.8333333333333333,5.0,1.0,69%,93%,33%,87%,84%,22%,0.05,691.0
,1998-01-25,Northern Ireland,10.0,0.4,1.0,22.0,75.0,0.484,18.0,11.0,1.0,4.0,109.0,20.0,0.541,0.0,4.0,1.78,3.8,31.0,1.0,14.0,29.5%,1.13,33.7%,77.1%,13.0,501.0,13.0,50.0%,16.0,1.0714285714285714,12.0,1079.0,11.0,Left,17.545454545454547,0.13,0.0,0.13,1.8333333333333333,3.0,1.0,22%,80%,4%,0%,21%,10%,0.09,1833.0
,2000-04-01,England,14.0,0.21899999999999997,9.0,12.0,43.0,0.29100000000000004,18.0,5.0,1.2,8.0,35.0,5.0,0.625,0.0,1.0,1.8,3.3,7.0,0.0,11.0,18.8%,0.6,43.8%,74.4%,3.0,154.0,18.0,53.3%,13.0,1.0714285714285714,8.0,374.0,30.0,Right,7.0,1.8,0.0,1.8,1.8333333333333333,24.0,8.0,89%,41%,55%,46%,73%,19%,1.11,1123.0
,1997-04-07,Scotland,30.0,0.385,9.0,19.0,68.0,0.345,23.0,2.0,1.2,8.0,29.0,8.0,0.5,0.0,2.0,1.88,2.0,3.0,1.0,15.0,10.0%,1.54,100.0%,70.2%,1.0,177.0,28.0,53.3%,6.0,1.0714285714285714,16.0,484.0,67.0,Right,15.0,2.11,1.0,2.11,1.8333333333333333,25.0,6.0,90%,78%,51%,79%,86%,91%,1.53,1270.0
,1997-05-11,England,5.0,0.2,1.0,12.0,41.0,0.451,10.0,5.0,1.2,2.0,25.0,11.0,0.423,0.0,1.0,1.75,2.7,5.0,0.0,2.0,4.5%,0.24,31.2%,72.7%,1.0,125.0,4.0,63.6%,3.0,1.0714285714285714,7.0,312.0,11.0,Left,3.0,0.08,0.0,0.08,1.8333333333333333,2.0,1.0,72%,7%,96%,0%,2%,37%,0.05,551.0
,2000-07-27,England,18.0,0.439,4.0,19.0,71.0,0.433,15.0,14.0,1.2,7.0,64.0,23.0,0.6970000000000001,0.0,2.0,1.78,4.0,4.0,0.0,4.0,8.3%,0.42,16.7%,76.0%,1.0,237.0,17.0,35.5%,9.0,1.0714285714285714,11.0,607.0,37.0,Right,2.0,1.92,2.0,1.92,1.8333333333333333,17.0,7.0,65%,53%,40%,92%,88%,64%,2.0,1107.0
,2000-12-25,Mali,15.0,0.5,13.0,22.0,102.0,0.528,27.0,32.0,1.2,9.0,119.0,33.0,0.805,0.0,3.0,1.83,1.1,40.0,0.0,8.0,25.0%,0.61,46.5%,74.8%,1.0,452.0,27.0,90.9%,26.0,1.0714285714285714,20.0,912.0,27.0,Right,32.0,2.53,5.0,2.53,1.8333333333333333,40.0,12.0,60%,61%,98%,81%,91%,95%,2.13,1637.0
,1999-03-08,France,10.0,0.37,3.0,7.0,60.0,0.469,22.0,10.0,1.0,3.0,71.0,16.0,0.552,0.0,3.0,1.8,7.0,15.0,0.0,9.0,14.3%,0.39,36.6%,85.0%,1.0,500.0,15.0,58.8%,11.0,1.0714285714285714,10.0,759.0,10.0,Left,27.0,0.46,0.0,0.46,1.8333333333333333,7.0,1.0,,,,,,,0.09,1012.0
,1997-10-22,Wales,22.0,0.629,5.8273809523809526,1.0,43.0,0.7290000000000001,2.0,21.0,1.2,7.658823529411765,36.0,9.0,0.643,0.0,0.0,1.93,8.1,15.0,0.0,13.73224043715847,,0.02,44.1%,88.1%,7.402777777777778,378.0,0.0,,8.0,1.0714285714285714,16.533333333333335,527.0,2.0,Right,6.0,0.04,0.0,0.04,1.8333333333333333,1.0,8.096969696969698,78%,50%,28%,47%,42%,95%,2.1199,732.0
,1997-09-18,England,14.0,0.192,3.0,2.0,41.0,0.306,9.0,5.0,1.2,6.0,27.0,3.0,0.6,0.0,1.0,1.83,4.0,3.0,0.0,3.0,,0.31,42.9%,75.1%,7.402777777777778,163.0,17.0,56.2%,13.0,1.0714285714285714,9.0,392.0,38.0,Right,18.0,1.84,1.0,1.84,1.8333333333333333,16.0,9.0,63%,35%,20%,54%,78%,39%,2.2,1132.0
,1996-05-05,Brazil,13.0,0.27699999999999997,14.0,42.0,131.0,0.41200000000000003,34.0,29.0,1.2,36.0,172.0,15.0,0.5770000000000001,1.0,2.0,1.75,7.2,48.0,6.0,60.0,24.8%,5.28,57.8%,79.6%,36.0,748.0,45.0,54.1%,52.0,1.0,40.0,1556.0,70.0,Left,10.0,7.35,11.0,4.19,4.0,65.0,28.0,41%,83%,21%,31%,38%,82%,9.09,2581.0
,1996-12-09,Ivory Coast,16.0,0.727,5.8273809523809526,3.0,31.0,0.62,10.0,12.0,2.0,1.0,32.0,6.0,0.75,0.0,3.0,1.96,3.0,11.0,0.0,13.73224043715847,,0.22,45.8%,79.1%,7.402777777777778,170.0,1.0,100.0%,1.0,1.0714285714285714,6.0,281.0,7.0,Right,21.0,0.31,0.0,0.31,1.8333333333333333,3.0,2.0,27%,73%,97%,45%,34%,28%,0.73,444.0
,1984-02-22,Serbia,13.0,0.565,1.0,6.0,31.0,0.534,11.0,8.0,1.2,7.658823529411765,36.0,5.0,0.35700000000000004,0.0,2.0,1.85,17.85055555555556,14.0,0.0,1.0,,0.05,34.1%,83.9%,7.402777777777778,266.0,0.0,,4.0,1.0714285714285714,16.533333333333335,397.0,5.0,Right,17.545454545454547,0.52,0.0,0.52,1.8333333333333333,4.0,1.0,,,,,,,0.21,767.0
,1995-08-10,Algeria,3.0,0.188,7.0,20.0,83.0,0.419,14.0,8.0,1.0,14.0,91.0,15.0,0.625,0.0,0.0,1.72,16.0,8.0,6.0,27.0,20.5%,3.19,32.0%,82.0%,9.0,397.0,33.0,52.5%,15.0,1.0714285714285714,42.0,844.0,53.0,Right,17.545454545454547,2.62,1.0,2.62,1.8333333333333333,35.0,12.0,0%,76%,5%,61%,81%,37%,2.51,1389.0
,1995-02-27,Czech Republic,234.0,0.5920000000000001,13.0,49.0,364.0,0.542,69.0,62.0,1.0,16.0,246.0,41.0,0.526,1.0,7.0,1.9,35.0,84.0,1.0,18.0,11.1%,2.44,66.7%,75.5%,1.0,1213.0,21.0,55.2%,43.0,1.0714285714285714,16.0,2185.0,110.0,Right,28.0,8.42,10.0,8.42,1.8333333333333333,64.0,23.0,99%,2%,100%,58%,31%,44%,6.41,3419.0
,2002-07-19,Portugal,34.0,0.321,16.0,8.0,68.0,0.342,20.0,4.0,1.2,8.0,43.0,4.0,0.667,0.0,2.0,1.85,23.0,1.0,3.0,11.0,20.0%,0.37,11.1%,72.8%,1.0,235.0,21.0,33.3%,21.0,1.0,7.0,554.0,84.0,Right,37.0,5.26,4.0,4.47,1.0,48.0,17.0,70%,21%,81%,60%,29%,67%,4.74,1355.0
,2002-01-18,Netherlands,6.0,0.4,5.8273809523809526,12.0,37.0,0.48100000000000004,4.0,9.0,1.2,2.0,45.0,6.0,0.429,0.0,1.0,1.8,4.0,11.0,0.0,3.0,9.5%,0.16,50.0%,78.0%,2.0,227.0,6.0,59.1%,4.0,1.0714285714285714,13.0,467.0,12.0,Right,23.0,0.04,0.0,0.04,1.8333333333333333,1.0,8.096969696969698,61%,60%,50%,53%,27%,20%,2.1199,574.0
,1999-01-16,Portugal,,,5.8273809523809526,14.919354838709678,,,16.427083333333332,15.775280898876405,1.2,7.658823529411765,73.40512820512821,,,0.10256410256410256,2.2205128205128206,1.88,17.0,24.165775401069517,1.323076923076923,13.73224043715847,,1.0054471544715446,,,7.402777777777778,417.97435897435895,15.912820512820513,,17.414893617021278,1.0714285714285714,16.533333333333335,809.9487179487179,36.80952380952381,Left,24.0,1.9227826086956519,1.9538461538461538,1.8610434782608696,1.8333333333333333,19.374358974358973,8.096969696969698,41%,68%,69%,0%,15%,63%,2.1199,1300.9333333333334
,1999-10-22,Belgium,16.0,0.444,4.0,2.0,55.0,0.561,12.0,13.0,1.2,4.0,72.0,18.0,0.818,0.0,5.0,1.83,12.0,35.0,0.0,18.0,50.0%,1.11,59.3%,88.4%,1.0,723.0,8.0,75.0%,15.0,1.0714285714285714,3.0,960.0,5.0,Right,12.0,0.59,0.0,0.59,1.8333333333333333,20.0,8.0,88%,63%,25%,0%,33%,65%,0.76,1133.0
,2000-01-26,Portugal,24.0,0.522,4.0,10.0,75.0,0.47200000000000003,23.0,9.0,1.0,4.0,68.0,14.0,0.667,0.0,2.0,1.83,25.1,13.0,1.0,10.0,22.5%,1.02,35.1%,82.1%,9.0,481.0,13.0,50.0%,13.0,1.0714285714285714,18.0,954.0,45.0,Left,30.0,1.85,1.0,1.85,1.8333333333333333,23.0,2.0,34%,94%,26%,0%,97%,86%,1.03,1170.0
,1998-04-17,Norway,49.0,0.612,5.0,8.0,107.0,0.629,12.0,26.0,1.2,5.0,109.0,18.0,0.621,0.0,5.0,1.96,20.0,30.0,3.0,8.0,17.6%,1.85,29.7%,69.7%,3.0,504.0,7.0,72.2%,16.0,1.0714285714285714,13.0,1151.0,34.0,Right,20.0,0.76,1.0,0.76,1.8333333333333333,7.0,1.0,86%,6%,29%,52%,30%,12%,0.54,1987.0
,1998-01-01,Nigeria,16.0,0.43200000000000005,5.0,19.0,76.0,0.45,33.0,14.0,1.2,4.0,69.0,17.0,0.68,0.0,4.0,1.83,9.5,11.0,0.0,4.0,8.3%,0.42,47.8%,80.2%,1.0,251.0,14.0,64.7%,25.0,1.0,11.0,519.0,16.0,Right,19.0,0.84,0.0,0.84,1.8333333333333333,16.0,5.0,29%,23%,53%,0%,28%,12%,1.18,1050.0
,1995-09-23,Wales,13.0,0.433,5.8273809523809526,5.0,68.0,0.624,7.0,22.0,1.2,5.0,82.0,13.0,0.65,0.0,2.0,1.88,4.3,24.0,1.0,13.0,20.7%,1.51,25.8%,72.9%,6.0,471.0,6.0,50.0%,29.0,1.0714285714285714,6.0,1088.0,19.0,Right,14.0,0.46,1.0,0.46,1.8333333333333333,6.0,4.0,23%,36%,8%,54%,47%,76%,1.25,1691.0
,1987-04-16,England,7.0,0.25,4.0,24.0,73.0,0.43700000000000006,19.0,9.0,1.0,10.0,73.0,17.0,0.515,0.0,2.0,1.65,1.3,7.0,0.0,9.0,7.5%,0.46,31.8%,73.5%,3.0,247.0,13.0,43.3%,20.0,1.0714285714285714,13.0,601.0,48.0,Right,17.545454545454547,1.13,2.0,1.13,1.8333333333333333,12.0,4.0,,,,,,,1.63,1548.0
,1998-01-16,France,38.0,0.45799999999999996,8.0,14.0,90.0,0.381,25.0,15.775280898876405,1.2,12.0,62.0,10.0,0.625,0.0,4.0,1.87,20.0,4.0,3.0,21.0,,1.61,66.7%,73.7%,7.402777777777778,306.0,27.0,44.8%,6.0,1.0714285714285714,30.0,739.0,90.0,Right,29.0,6.62,6.0,5.83,1.0,40.0,18.0,54%,36%,97%,7%,65%,86%,5.09,1567.0
,2001-12-12,France,7.0,0.292,4.0,17.0,84.0,0.447,16.0,6.0,1.2,8.0,66.0,18.0,0.818,0.0,4.0,1.84,58.0,28.0,5.0,24.0,18.8%,3.6,62.2%,81.4%,18.0,445.0,21.0,45.2%,27.0,1.0714285714285714,28.0,914.0,43.0,Left,17.0,1.84,2.0,1.84,1.8333333333333333,19.0,10.0,39%,99%,26%,93%,92%,99%,1.81,1137.0
,2002-11-04,England,23.0,0.195,5.0,6.0,59.0,0.23800000000000002,18.0,1.0,1.2,5.0,28.0,3.0,0.5,0.0,1.0,1.88,17.85055555555556,3.0,2.0,9.0,,0.98,60.0%,78.6%,7.402777777777778,198.0,42.0,34.9%,15.0,1.0,15.0,503.0,52.0,Right,17.545454545454547,3.67,4.0,3.67,1.8333333333333333,22.0,11.0,3%,1%,1%,5%,1%,1%,4.33,1674.0
,1999-05-29,Ukraine,10.0,0.455,1.0,9.0,47.0,0.522,13.0,16.0,1.2,4.0,64.0,15.0,0.6,0.0,0.0,1.8,33.0,13.0,0.0,8.0,19.5%,0.85,32.5%,73.4%,8.0,235.0,4.0,33.3%,9.0,1.0,3.0,628.0,14.0,Left,19.0,0.61,1.0,0.61,1.8333333333333333,8.0,2.0,76%,36%,67%,38%,22%,7%,0.48,1056.0
,2001-10-16,Scotland,2.0,0.33299999999999996,1.0,14.919354838709678,16.0,0.5329999999999999,4.0,15.775280898876405,1.2,1.0,14.0,4.0,0.8,0.0,0.0,1.89,19.0,4.0,1.0,3.0,18.8%,0.61,66.7%,86.5%,3.0,134.0,2.0,60.0%,3.0,1.0714285714285714,6.0,232.0,7.0,Right,2.0,0.06,0.0,0.06,1.8333333333333333,2.0,8.096969696969698,51%,92%,55%,0%,16%,87%,2.1199,231.0
,1989-09-16,Venezuela,38.0,0.40399999999999997,6.0,10.0,52.0,0.35600000000000004,12.0,15.775280898876405,1.2,5.0,20.0,1.0,0.16699999999999998,1.0,3.0,1.86,1.5,3.0,1.0,8.0,16.7%,0.65,75.0%,62.4%,1.0,116.0,10.0,40.0%,4.0,1.0714285714285714,4.0,304.0,46.0,Right,23.0,1.86,1.0,1.86,1.8333333333333333,21.0,6.0,69%,52%,36%,66%,84%,59%,1.63,783.0
,1998-10-09,Zambia,17.0,0.27899999999999997,5.0,17.0,49.0,0.31,17.0,2.0,1.2,7.0,29.0,10.0,0.667,0.0,2.0,1.83,15.0,3.0,3.0,13.0,,0.81,60.0%,74.5%,7.402777777777778,164.0,18.0,18.8%,14.0,1.0714285714285714,3.0,400.0,52.0,Right,20.0,4.22,5.0,4.22,1.8333333333333333,26.0,16.0,85%,2%,91%,17%,30%,12%,5.7,1161.0
,1997-01-13,Colombia,15.0,0.484,15.0,6.0,69.0,0.466,14.0,4.0,1.2,14.0,54.0,7.0,0.778,0.0,0.0,1.8,87.0,6.0,3.0,20.0,35.7%,1.48,75.0%,87.7%,5.0,385.0,26.0,63.3%,14.0,1.0714285714285714,31.0,660.0,89.0,Right,7.0,4.08,4.0,4.08,1.8333333333333333,38.0,13.0,59%,51%,56%,92%,68%,39%,3.8,960.0
,2000-01-31,Argentina,7.0,0.368,2.0,14.0,25.0,0.32899999999999996,6.0,3.0,1.2,9.0,34.0,8.0,0.8,0.0,0.0,1.7,95.0,17.0,3.0,16.0,29.1%,0.7,58.6%,69.7%,16.0,186.0,8.0,38.9%,2.0,1.0714285714285714,7.0,443.0,35.0,Right,19.0,1.14,1.0,1.14,1.8333333333333333,18.0,6.0,4%,87%,34%,78%,46%,91%,0.96,614.0
,2002-01-30,Greece,3.0,0.214,3.0,7.0,12.0,0.316,2.0,1.0,1.2,4.0,13.0,3.0,0.6,0.0,0.0,1.75,9.5,3.0,0.0,8.0,28.6%,0.58,27.3%,75.0%,2.0,72.0,4.0,,4.0,1.0714285714285714,16.533333333333335,147.0,18.0,Right,8.0,0.47,0.0,0.47,1.8333333333333333,6.0,2.0,50%,91%,29%,92%,96%,66%,0.19,327.0
,1995-10-17,Greece,8.0,0.5329999999999999,1.0,12.0,95.0,0.605,16.0,19.0,1.2,4.0,105.0,21.0,0.583,0.0,2.0,1.75,3.0,11.0,1.0,9.0,13.6%,0.99,25.0%,76.5%,6.0,423.0,11.0,63.0%,22.0,1.0714285714285714,29.0,962.0,10.0,Left,13.0,0.12,0.0,0.12,1.8333333333333333,2.0,1.0,16%,75%,51%,40%,35%,45%,0.03,1166.0
,2002-11-12,England,24.0,0.49,3.0,18.0,144.0,0.593,12.0,47.0,1.2,9.0,176.0,28.0,0.519,0.0,2.0,1.82,38.0,27.0,1.0,20.0,19.4%,2.65,35.5%,78.6%,12.0,712.0,19.0,54.5%,36.0,1.0,30.0,1588.0,48.0,Right,21.0,1.7,1.0,1.7,1.8333333333333333,12.0,3.0,36%,53%,27%,0%,7%,50%,1.16,2203.0
,1997-02-10,England,13.0,0.361,16.0,6.0,45.0,0.35700000000000004,13.0,3.0,1.2,10.0,36.0,4.0,0.4,0.0,1.0,1.72,20.0,9.0,2.0,13.0,,1.43,60.0%,74.9%,7.402777777777778,227.0,13.0,38.1%,6.0,1.0,16.0,531.0,79.0,Right,9.0,4.55,2.0,4.55,1.8333333333333333,47.0,14.0,5%,13%,22%,18%,31%,25%,3.34,1414.0
,2002-09-14,Senegal,30.0,0.484,7.0,20.0,127.0,0.498,32.0,29.0,1.2,15.0,171.0,26.0,0.565,0.0,7.0,1.84,40.0,56.0,3.0,20.0,25.0%,1.16,57.1%,83.3%,1.0,834.0,25.0,54.5%,22.0,1.0714285714285714,30.0,1385.0,16.0,Right,29.0,2.07,1.0,2.07,1.8333333333333333,31.0,8.0,80%,25%,65%,82%,75%,43%,2.42,2129.0
,1998-06-03,DR Congo,13.0,0.406,3.0,8.0,51.0,0.52,4.0,9.0,1.2,5.0,77.0,13.0,0.619,0.0,0.0,1.83,3.3,29.0,0.0,6.0,12.5%,0.29,69.0%,85.9%,1.0,372.0,11.0,70.6%,5.0,1.0714285714285714,12.0,564.0,1.0,Left,39.0,0.22,0.0,0.22,1.8333333333333333,6.0,8.096969696969698,71%,10%,42%,55%,42%,48%,2.1199,799.0
,1997-11-15,Nigeria,45.0,0.36,16.0,35.0,204.0,0.38799999999999996,59.0,15.0,1.2,22.0,125.0,35.0,0.6859999999999999,1.0,7.0,1.74,5.0,10.0,6.0,33.0,20.5%,2.07,52.6%,68.3%,8.0,393.0,63.0,43.6%,40.0,1.0,68.0,1265.0,146.0,Right,25.0,7.45,10.0,7.45,1.8333333333333333,60.0,26.0,86%,20%,89%,0%,26%,54%,7.54,2589.0
,2001-09-28,England,138.0,0.648,3.0,9.0,201.0,0.655,21.0,36.0,1.2,1.0,147.0,24.0,0.727,0.0,1.0,1.9,17.85055555555556,103.0,2.0,10.0,50.0%,0.0,33.8%,70.1%,2.0,971.0,3.0,66.7%,31.0,1.0714285714285714,2.0,1803.0,58.0,Right,6.0,0.02,1.0,0.02,1.8333333333333333,17.0,4.0,94%,78%,73%,73%,70%,90%,2.1199,2869.0
,1990-03-27,Cameroon,2.0,1.0,5.8273809523809526,14.919354838709678,4.0,0.667,1.0,2.0,1.2,7.658823529411765,9.0,,,0.0,0.0,1.85,1.1,4.0,0.0,1.0,,0.0,66.7%,87.7%,7.402777777777778,50.0,1.0,100.0%,17.414893617021278,1.0714285714285714,1.0,75.0,36.80952380952381,Right,17.545454545454547,1.9227826086956519,0.0,1.8610434782608696,1.8333333333333333,0.0,8.096969696969698,17%,13%,14%,67%,39%,1%,2.1199,168.0
,1997-10-04,Croatia,5.0,0.41700000000000004,3.0,15.0,41.0,0.461,8.0,2.0,1.2,3.0,30.0,7.0,0.636,0.0,0.0,1.78,15.0,3.0,0.0,9.0,6.7%,0.57,50.0%,80.8%,1.0,164.0,9.0,50.0%,16.0,1.0714285714285714,9.0,313.0,26.0,Right,10.0,1.33,1.0,1.33,1.8333333333333333,7.0,3.0,87%,35%,62%,38%,14%,27%,0.7,554.0
,2000-02-05,Portugal,4.0,0.444,1.0,1.0,31.0,0.525,9.0,2.0,1.2,3.0,17.0,6.0,0.667,0.0,0.0,1.79,2.7,2.0,3.0,5.0,28.0%,0.58,50.0%,73.3%,7.0,55.0,6.0,58.8%,8.0,1.0714285714285714,10.0,174.0,18.0,Right,20.0,0.59,0.0,0.59,1.8333333333333333,5.0,2.0,34%,50%,94%,0%,63%,45%,0.42,204.0
,1999-11-22,Hungary,14.0,0.41200000000000003,5.0,24.0,104.0,0.495,37.0,33.0,1.0,7.0,131.0,31.0,0.775,0.0,4.0,1.79,2.8,61.0,2.0,26.0,28.6%,3.09,44.9%,76.3%,16.0,760.0,6.0,61.1%,17.0,1.0714285714285714,33.0,1657.0,35.0,Right,77.0,2.28,4.0,2.28,1.8333333333333333,34.0,12.0,23%,75%,44%,68%,86%,87%,3.41,2449.0
,2002-04-01,South Korea,,,5.8273809523809526,3.0,3.0,0.17600000000000002,1.0,15.775280898876405,1.2,2.0,6.0,,,0.0,0.0,1.73,2.4,1.0,0.0,13.73224043715847,,0.03,25.0%,64.3%,7.402777777777778,18.0,3.0,28.6%,1.0,1.0714285714285714,2.0,59.0,4.0,Right,7.0,1.9227826086956519,0.0,1.8610434782608696,1.8333333333333333,0.0,8.096969696969698,60%,65%,3%,97%,93%,5%,2.1199,176.0
,1995-09-08,Japan,29.0,0.46,13.0,35.0,125.0,0.446,52.0,27.0,1.0,21.0,181.0,24.0,0.615,0.0,6.0,1.75,4.8,59.0,2.0,29.0,37.5%,1.92,56.7%,77.4%,9.0,724.0,23.0,54.8%,40.0,1.0714285714285714,17.0,1344.0,71.0,Right,6.0,4.69,7.0,4.69,1.8333333333333333,42.0,13.0,50%,86%,48%,59%,55%,36%,5.78,2676.0
,2000-05-30,Portugal,3.0,0.375,6.0,2.0,20.0,0.408,3.0,4.0,1.2,8.0,34.0,4.0,0.667,0.0,0.0,1.7,20.0,5.0,2.0,12.0,25.0%,1.41,41.7%,84.6%,5.0,226.0,8.0,35.3%,5.0,1.0714285714285714,6.0,376.0,26.0,Left,10.0,0.85,1.0,0.85,1.8333333333333333,15.0,2.0,32%,81%,64%,52%,67%,85%,0.25,499.0
,2002-09-01,Ukraine,1.0,0.25,5.8273809523809526,4.0,8.0,0.444,1.0,3.0,1.2,7.658823529411765,18.0,2.0,0.5,0.0,0.0,1.86,44.0,9.0,0.0,13.73224043715847,,0.01,52.9%,92.5%,7.402777777777778,184.0,2.0,100.0%,2.0,1.0714285714285714,1.0,241.0,36.80952380952381,Right,27.0,1.9227826086956519,0.0,1.8610434782608696,1.8333333333333333,0.0,8.096969696969698,44%,64%,51%,50%,18%,19%,2.1199,297.0
,1997-05-10,Argentina,27.0,0.551,1.0,21.0,97.0,0.5479999999999999,29.0,43.0,2.0,7.658823529411765,168.0,35.0,0.7,0.0,7.0,1.84,25.0,107.0,0.0,5.0,25.0%,0.37,49.3%,81.4%,2.0,1051.0,4.0,66.7%,13.0,1.0714285714285714,8.0,1691.0,16.0,Left,5.0,1.62,2.0,1.62,1.8333333333333333,8.0,3.0,82%,82%,88%,0%,30%,70%,0.52,2495.0
,1999-03-22,England,17.0,0.34700000000000003,10.0,22.0,124.0,0.43799999999999994,21.0,9.0,1.2,10.0,124.0,22.0,0.667,0.0,1.0,1.78,25.0,19.0,4.0,19.0,22.6%,1.3,42.2%,77.3%,21.0,461.0,40.0,50.5%,28.0,1.0714285714285714,46.0,1115.0,60.0,Left,16.0,3.13,5.0,3.13,1.8333333333333333,37.0,15.0,84%,80%,69%,15%,76%,80%,4.11,1749.0
,2000-01-07,Ghana,9.0,0.5,1.0,5.0,18.0,0.4,6.0,2.0,1.2,7.658823529411765,13.0,,,0.0,0.0,1.85,36.0,1.0,0.0,2.0,,0.03,33.3%,67.9%,7.402777777777778,38.0,6.0,60.0%,5.0,1.0714285714285714,3.0,115.0,5.0,Right,24.0,0.26,1.0,0.26,1.8333333333333333,3.0,1.0,94%,22%,82%,72%,93%,39%,0.03,251.0
,1995-01-11,England,1.0,0.25,1.0,14.0,40.0,0.47600000000000003,17.0,9.0,1.2,3.0,56.0,13.0,0.65,0.0,2.0,1.85,2.6,19.0,1.0,8.0,30.8%,1.48,47.5%,87.6%,8.0,376.0,4.0,69.6%,3.0,1.0714285714285714,16.0,567.0,5.0,Right,8.0,0.15,0.0,0.15,1.8333333333333333,3.0,2.0,20%,96%,2%,0%,19%,89%,0.03,1018.0
,2001-02-22,England,4.0,0.5,3.0,14.919354838709678,13.0,0.361,1.0,15.775280898876405,1.2,2.0,20.0,,,0.0,0.0,1.7,20.0,24.165775401069517,1.0,5.0,12.5%,0.27,,60.5%,1.0,46.0,8.0,28.6%,4.0,1.0714285714285714,4.0,154.0,20.0,Right,23.0,0.48,0.0,0.48,1.8333333333333333,7.0,2.0,35%,40%,7%,62%,79%,2%,0.43,317.0
,2004-01-23,Paraguay,6.0,0.429,8.0,5.0,66.0,0.48200000000000004,13.0,4.0,1.2,8.0,36.0,4.0,0.308,0.0,1.0,1.73,27.0,1.0,2.0,13.0,,1.35,25.0%,72.7%,7.402777777777778,176.0,20.0,56.1%,15.0,1.0714285714285714,32.0,455.0,54.0,Right,17.545454545454547,3.99,4.0,3.99,1.8333333333333333,38.0,18.0,62%,50%,31%,45%,98%,49%,4.75,800.0
,2002-01-01,Ivory Coast,5.0,0.385,10.0,14.0,114.0,0.39899999999999997,25.0,14.0,1.0,20.0,133.0,18.0,0.72,1.0,1.0,1.75,25.0,23.0,9.0,46.0,20.9%,6.49,62.2%,79.6%,23.0,583.0,56.0,45.4%,25.0,1.0,59.0,1319.0,144.0,Right,11.0,7.04,11.0,7.04,1.8333333333333333,50.0,24.0,35%,48%,32%,62%,64%,21%,8.8,2348.0
,2004-12-23,Argentina,2.0,0.33299999999999996,4.0,21.0,18.0,0.28600000000000003,9.0,4.0,1.2,5.0,25.0,1.0,0.5,0.0,2.0,1.74,22.0,10.0,1.0,6.0,57.1%,0.39,76.9%,81.7%,4.0,152.0,2.0,43.8%,7.0,1.0714285714285714,7.0,271.0,19.0,Left,40.0,1.39,1.0,1.39,1.8333333333333333,11.0,3.0,71%,58%,98%,81%,69%,86%,0.74,563.0
,2003-10-06,Sweden,,,5.8273809523809526,4.0,5.0,0.5,16.427083333333332,15.775280898876405,1.2,1.0,3.0,2.0,1.0,0.0,0.0,1.72,5.0,2.0,0.0,2.0,,0.3,100.0%,90.9%,7.402777777777778,20.0,0.0,,3.0,1.0714285714285714,16.533333333333335,33.0,1.0,Right,26.0,0.02,0.0,0.02,1.8333333333333333,1.0,8.096969696969698,47%,84%,56%,66%,76%,45%,2.1199,65.0
,2001-01-17,Argentina,7.0,0.41200000000000003,7.0,35.0,91.0,0.529,11.0,16.0,1.2,9.0,118.0,27.0,0.6,0.0,3.0,1.78,75.0,133.0,2.0,20.0,7.1%,2.65,74.7%,89.1%,1.0,1266.0,13.0,56.7%,22.0,1.0714285714285714,17.0,1681.0,9.0,Right,8.0,0.83,0.0,0.83,1.8333333333333333,20.0,3.0,34%,93%,22%,81%,77%,84%,0.53,1551.0
,2001-01-05,Ukraine,5.0,0.385,2.0,9.0,41.0,0.42700000000000005,8.0,15.775280898876405,1.2,5.0,35.0,9.0,0.818,0.0,1.0,1.75,40.0,4.0,2.0,10.0,20.0%,1.24,66.7%,81.5%,5.0,150.0,11.0,39.4%,12.0,1.0714285714285714,13.0,359.0,35.0,Right,17.545454545454547,1.85,0.0,1.85,1.8333333333333333,14.0,5.0,58%,77%,15%,46%,38%,21%,1.38,655.0
,2002-03-10,England,2.0,0.28600000000000003,2.0,7.0,62.0,0.539,4.0,4.0,1.2,6.0,30.0,8.0,0.667,0.0,0.0,1.76,42.0,3.0,0.0,13.0,10.5%,0.7,75.0%,82.3%,2.0,214.0,13.0,57.9%,15.0,1.0714285714285714,33.0,464.0,67.0,Left,11.0,0.92,1.0,0.92,1.8333333333333333,12.0,6.0,38%,76%,28%,81%,92%,47%,1.37,646.0
,2002-12-22,Ivory Coast,,,5.8273809523809526,14.919354838709678,11.0,0.579,3.0,15.775280898876405,1.2,3.0,6.0,1.0,0.33299999999999996,0.0,0.0,1.81,10.0,1.0,0.0,3.0,,0.07,100.0%,87.5%,7.402777777777778,7.0,3.0,71.4%,3.0,1.0714285714285714,5.0,43.0,9.0,Right,17.545454545454547,0.24,0.0,0.24,1.8333333333333333,3.0,2.0,58%,42%,97%,42%,7%,71%,0.03,68.0
,1995-07-09,Portugal,72.0,0.643,12.0,64.0,283.0,0.595,48.0,46.0,1.0,24.0,212.0,83.0,0.561,0.0,14.0,1.9,57.0,88.0,0.0,7.0,,0.42,63.3%,83.0%,7.402777777777778,1051.0,28.0,48.3%,50.0,1.0714285714285714,14.0,1834.0,34.0,Right,16.0,2.9,3.0,2.9,1.8333333333333333,39.0,9.0,94%,22%,59%,42%,81%,95%,1.76,3113.0
,1995-03-25,Brazil,27.0,0.297,4.0,4.0,51.0,0.305,21.0,15.775280898876405,1.2,6.0,22.0,1.0,0.25,0.0,3.0,1.9,4.5,24.165775401069517,2.0,8.0,16.7%,0.79,,64.8%,1.0,118.0,23.0,38.5%,15.0,1.0714285714285714,5.0,369.0,61.0,Left,12.0,3.29,5.0,3.29,1.8333333333333333,21.0,12.0,40%,72%,70%,72%,65%,8%,5.32,1101.0
,1988-08-09,Brazil,9.0,0.273,13.0,18.0,82.0,0.456,11.0,9.0,1.2,18.0,105.0,8.0,0.615,0.0,2.0,1.75,3.0,53.0,5.0,51.0,23.3%,3.05,67.9%,82.3%,14.0,696.0,25.0,62.7%,24.0,1.0714285714285714,37.0,1194.0,79.0,Right,22.0,3.4,5.0,3.4,1.8333333333333333,41.0,18.0,52%,94%,27%,0%,40%,95%,6.34,2142.0
,2002-04-20,France,11.0,0.55,2.0,3.0,36.0,0.45,5.0,3.0,1.2,2.0,7.0,9.0,0.9,0.0,0.0,1.82,33.0,1.0,1.0,4.0,,0.22,100.0%,50.8%,7.402777777777778,31.0,14.0,40.9%,6.0,1.0714285714285714,9.0,154.0,21.0,Left,14.0,0.39,0.0,0.39,1.8333333333333333,4.0,8.096969696969698,91%,23%,87%,76%,79%,8%,2.1199,264.0
,2000-10-22,United States,8.0,0.17,12.0,31.0,142.0,0.39799999999999996,16.0,5.0,1.2,28.0,128.0,18.0,0.4,0.0,2.0,1.78,14.0,8.0,3.0,46.0,26.4%,2.59,40.0%,79.1%,19.0,569.0,82.0,41.5%,55.0,1.0714285714285714,34.0,1304.0,81.0,Right,11.0,3.87,1.0,3.87,1.8333333333333333,41.0,9.0,55%,69%,34%,41%,46%,45%,3.33,2384.0
,1999-06-17,Colombia,18.0,0.5,6.0,8.0,70.0,0.467,14.0,8.0,1.0,12.0,65.0,14.0,0.667,1.0,1.0,1.72,20.0,9.0,0.0,9.0,28.6%,0.88,60.0%,81.5%,2.0,268.0,23.0,52.8%,12.0,1.0714285714285714,19.0,523.0,36.0,Right,17.0,3.73,5.0,3.73,1.8333333333333333,28.0,11.0,83%,98%,97%,97%,98%,79%,2.69,875.0
,1999-02-14,United States,26.0,0.634,2.0,29.0,143.0,0.5670000000000001,37.0,35.0,1.2,17.0,199.0,46.0,0.517,1.0,4.0,1.75,18.0,41.0,0.0,24.0,,1.02,44.6%,82.4%,7.402777777777778,1094.0,18.0,40.0%,21.0,1.0714285714285714,8.0,1699.0,6.0,Right,12.0,0.14,0.0,0.14,1.8333333333333333,4.0,8.096969696969698,70%,48%,96%,0%,7%,60%,2.1199,2157.0
,1997-07-11,Denmark,34.0,0.557,2.0,34.0,109.0,0.542,19.0,35.0,1.2,3.0,119.0,35.0,0.565,0.0,4.0,1.76,12.0,31.0,1.0,9.0,17.1%,0.9,31.0%,69.3%,6.0,577.0,5.0,50.0%,6.0,1.0714285714285714,7.0,1309.0,24.0,Right,13.0,0.83,3.0,0.83,1.8333333333333333,13.0,5.0,90%,20%,68%,95%,71%,77%,0.21,1961.0
,1996-11-26,Spain,19.0,0.594,14.0,46.0,130.0,0.49200000000000005,40.0,23.0,1.2,16.0,169.0,40.0,0.606,0.0,7.0,1.84,11.0,68.0,2.0,33.0,18.4%,2.55,49.3%,79.4%,14.0,961.0,26.0,63.0%,29.0,1.0714285714285714,17.0,1650.0,30.0,Left,21.0,2.14,1.0,2.14,1.8333333333333333,35.0,13.0,22%,59%,72%,79%,51%,64%,2.09,2329.0
,1998-02-04,Austria,27.0,0.551,4.0,8.0,53.0,0.53,15.0,27.0,1.0,1.0,75.0,18.0,0.72,0.0,3.0,1.89,12.0,41.0,0.0,6.0,28.6%,0.38,36.3%,71.3%,2.0,459.0,2.0,,1.0,1.0714285714285714,16.533333333333335,873.0,17.0,Left,39.0,0.76,0.0,0.76,1.8333333333333333,9.0,2.0,90%,96%,93%,97%,100%,96%,0.4,1263.0
,2003-11-05,Italy,8.0,0.308,8.0,20.0,95.0,0.426,28.0,5.0,1.2,13.0,82.0,17.0,0.63,0.0,7.0,1.7,18.0,3.0,4.0,22.0,19.0%,2.19,20.0%,77.0%,8.0,349.0,19.0,32.8%,39.0,1.0714285714285714,21.0,793.0,46.0,Right,29.0,1.85,2.0,1.85,1.8333333333333333,22.0,8.0,70%,58%,42%,64%,88%,56%,1.88,1348.0
,1998-10-22,Australia,38.0,0.8640000000000001,2.0,11.0,61.0,0.735,5.0,12.0,1.2,1.0,45.0,9.0,0.6,0.0,2.0,1.98,7.3,21.0,1.0,3.0,,0.1,33.9%,81.4%,7.402777777777778,446.0,0.0,100.0%,5.0,1.0714285714285714,3.0,674.0,15.0,Right,15.0,1.43,0.0,1.43,1.8333333333333333,8.0,2.0,89%,13%,47%,0%,69%,90%,0.1,991.0
,2002-12-16,Denmark,9.0,0.375,1.0,8.0,63.0,0.534,17.0,3.0,1.2,2.0,53.0,23.0,0.605,0.0,2.0,1.81,18.0,14.0,1.0,7.0,27.6%,0.62,28.6%,69.5%,8.0,253.0,10.0,58.3%,9.0,1.0714285714285714,7.0,638.0,4.0,Left,16.0,0.12,0.0,0.12,1.8333333333333333,3.0,8.096969696969698,34%,31%,72%,0%,1%,40%,2.1199,894.0
,1999-06-24,Uruguay,36.0,0.414,13.0,13.0,82.0,0.38299999999999995,25.0,3.0,1.2,11.0,44.0,5.0,0.455,1.0,1.0,1.87,50.0,16.0,3.0,28.0,5.6%,2.81,69.6%,67.1%,1.0,249.0,27.0,48.6%,17.0,1.0,18.0,691.0,157.0,Right,9.0,11.59,9.0,11.59,1.8333333333333333,84.0,37.0,41%,40%,90%,14%,68%,32%,12.06,1699.0
,1999-05-07,Netherlands,26.0,0.52,12.0,25.0,108.0,0.47,26.0,4.0,1.2,15.0,57.0,15.0,0.5770000000000001,0.0,0.0,1.93,72.0,7.0,2.0,23.0,5.9%,1.89,63.6%,78.4%,1.0,291.0,36.0,63.9%,33.0,1.0,23.0,670.0,82.0,Right,18.0,6.22,7.0,6.22,1.8333333333333333,39.0,13.0,69%,85%,48%,94%,83%,28%,6.14,1465.0
,2000-09-04,Spain,3.0,0.231,1.0,3.0,14.0,0.41200000000000003,1.0,2.0,1.2,1.0,19.0,4.0,0.444,0.0,0.0,1.71,13.0,5.0,1.0,5.0,25.0%,1.07,71.4%,89.2%,2.0,256.0,3.0,,2.0,1.0714285714285714,16.533333333333335,368.0,10.0,Left,17.0,0.62,0.0,0.62,1.8333333333333333,7.0,8.096969696969698,52%,68%,76%,20%,2%,85%,2.1199,341.0
,2000-02-24,Brazil,5.0,0.20800000000000002,21.0,20.0,83.0,0.446,15.0,11.0,1.2,16.0,99.0,9.0,0.409,0.0,5.0,1.74,20.2,17.0,2.0,28.0,9.4%,2.43,63.0%,82.2%,3.0,636.0,12.0,45.6%,25.0,1.0714285714285714,31.0,1130.0,85.0,Left,7.0,6.55,4.0,6.55,1.8333333333333333,72.0,24.0,23%,74%,61%,74%,89%,91%,7.64,1816.0
,1998-01-18,Argentina,32.0,0.508,3.0,13.0,110.0,0.601,21.0,33.0,1.2,1.0,164.0,28.0,0.519,0.0,6.0,1.78,50.0,68.0,0.0,6.0,,1.01,41.2%,87.3%,7.402777777777778,1325.0,9.0,100.0%,10.0,1.0714285714285714,14.0,1850.0,11.0,Left,6.0,0.75,1.0,0.75,1.8333333333333333,10.0,1.0,8%,93%,19%,83%,96%,77%,0.12,2115.0
,1999-08-17,Netherlands,8.0,0.667,2.0,11.0,73.0,0.49700000000000005,39.0,25.0,1.2,7.0,90.0,33.0,0.7170000000000001,0.0,6.0,1.69,16.0,19.0,0.0,9.0,20.0%,0.72,50.0%,87.4%,3.0,584.0,8.0,31.6%,13.0,1.0714285714285714,6.0,1020.0,16.0,Left,3.0,0.25,0.0,0.25,1.8333333333333333,5.0,2.0,10%,80%,59%,0%,33%,86%,0.1,1393.0
,1997-08-12,Nigeria,20.0,0.247,3.0,6.0,65.0,0.33299999999999996,24.0,4.0,1.2,15.0,56.0,10.0,0.588,0.0,2.0,1.83,24.0,1.0,1.0,10.0,,0.32,16.7%,64.8%,7.402777777777778,142.0,29.0,45.0%,19.0,1.0714285714285714,9.0,491.0,57.0,Right,9.0,6.6,10.0,6.6,1.8333333333333333,35.0,15.0,66%,33%,73%,12%,35%,38%,3.77,1411.0
,2001-04-29,Brazil,4.0,0.222,3.0,19.0,39.0,0.44299999999999995,4.0,9.0,1.2,10.0,60.0,7.0,0.389,0.0,1.0,1.76,30.0,14.0,2.0,9.0,,0.56,42.4%,64.3%,7.402777777777778,146.0,8.0,77.8%,3.0,1.0714285714285714,14.0,409.0,21.0,Left,28.0,1.54,3.0,1.54,1.8333333333333333,15.0,4.0,33%,0%,87%,0%,2%,36%,1.64,979.0
,1998-10-14,England,2.0,0.25,2.0,6.0,40.0,0.597,5.0,5.0,1.2,3.0,51.0,9.0,0.562,0.0,2.0,1.73,5.2,2.0,0.0,4.0,,0.19,16.7%,78.7%,7.402777777777778,163.0,7.0,70.0%,15.0,1.0714285714285714,7.0,318.0,3.0,Left,8.0,0.34,1.0,0.34,1.8333333333333333,7.0,2.0,40%,60%,56%,47%,54%,63%,0.42,580.0
,1995-08-19,England,13.0,0.48100000000000004,1.0,4.0,38.0,0.5,10.0,10.0,1.0,4.0,54.0,8.0,0.47100000000000003,0.0,2.0,1.83,5.5,6.0,0.0,5.0,20.7%,0.94,15.0%,65.3%,6.0,190.0,6.0,37.5%,5.0,1.0714285714285714,3.0,516.0,13.0,Left,15.0,0.33,0.0,0.33,1.8333333333333333,6.0,2.0,74%,2%,93%,0%,4%,21%,0.13,935.0
,1999-03-05,England,4.0,0.33299999999999996,15.0,11.0,104.0,0.45799999999999996,20.0,7.0,1.2,11.0,81.0,10.0,0.667,0.0,0.0,1.75,1.3,16.0,1.0,14.0,10.0%,1.92,61.5%,76.0%,2.0,269.0,34.0,53.6%,25.0,1.0714285714285714,60.0,740.0,69.0,Left,17.545454545454547,4.01,4.0,4.01,1.8333333333333333,53.0,21.0,0%,42%,3%,0%,98%,1%,4.35,1747.0
,1994-01-05,Brazil,1.0,0.33299999999999996,4.0,3.0,15.0,0.5770000000000001,4.0,15.775280898876405,1.2,2.0,12.0,2.0,0.4,0.0,1.0,1.76,8.5,8.0,0.0,1.0,,0.05,50.0%,67.6%,7.402777777777778,48.0,0.0,33.3%,8.0,1.0714285714285714,1.0,115.0,1.0,Left,10.0,0.26,0.0,0.26,1.8333333333333333,7.0,1.0,37%,95%,11%,79%,99%,82%,0.02,180.0
,1989-12-17,Ghana,14.0,0.389,1.0,2.0,28.0,0.444,3.0,15.775280898876405,1.2,7.658823529411765,9.0,3.0,0.6,0.0,1.0,1.75,1.3,24.165775401069517,0.0,1.0,,0.03,,73.6%,7.402777777777778,53.0,4.0,20.0%,8.0,1.0714285714285714,1.0,119.0,8.0,Left,28.0,1.05,0.0,0.26,1.8333333333333333,4.0,2.0,70%,4%,78%,16%,2%,9%,1.59,307.0
,1992-12-24,Ivory Coast,46.0,0.59,1.0,10.0,145.0,0.622,18.0,29.0,1.2,9.0,126.0,41.0,0.6409999999999999,0.0,2.0,1.76,7.5,21.0,0.0,10.0,20.0%,0.93,40.4%,72.8%,8.0,534.0,18.0,59.3%,19.0,1.0714285714285714,16.0,1303.0,14.0,Right,17.545454545454547,0.77,1.0,0.77,1.8333333333333333,9.0,3.0,95%,8%,35%,0%,26%,23%,0.58,1949.0
,2004-01-06,Belgium,8.0,0.444,6.0,32.0,143.0,0.5589999999999999,28.0,33.0,1.2,15.0,187.0,35.0,0.583,0.0,9.0,1.81,40.0,47.0,0.0,16.0,66.7%,0.61,66.2%,86.4%,2.0,856.0,31.0,68.3%,48.0,1.0,28.0,1386.0,2.0,Right,45.0,0.4,1.0,0.4,1.8333333333333333,12.0,3.0,57%,54%,53%,0%,4%,60%,0.48,2230.0
,1994-05-28,Nigeria,37.0,0.544,2.0,2.0,55.0,0.48200000000000004,14.0,15.775280898876405,1.2,3.0,14.0,2.0,0.667,0.0,0.0,2.02,11.0,4.0,0.0,4.0,,0.07,80.0%,60.4%,7.402777777777778,55.0,9.0,69.2%,6.0,1.0714285714285714,9.0,172.0,25.0,Right,17.545454545454547,1.28,0.0,1.28,1.8333333333333333,11.0,5.0,98%,19%,86%,44%,81%,89%,0.74,405.0
,2002-11-30,Argentina,7.0,0.2,6.0,16.0,47.0,0.33799999999999997,16.0,1.0,1.2,8.0,53.0,5.0,0.5,0.0,3.0,1.83,15.0,6.0,2.0,5.0,,0.72,42.9%,78.1%,7.402777777777778,221.0,24.0,54.2%,17.0,1.0714285714285714,13.0,473.0,23.0,Right,24.0,1.9,4.0,1.9,1.8333333333333333,24.0,10.0,90%,75%,86%,52%,89%,79%,2.84,1034.0
,2001-12-11,Germany,40.0,0.588,1.0,5.0,114.0,0.691,9.0,44.0,1.2,2.0,145.0,17.0,0.45899999999999996,0.0,4.0,1.9,15.0,47.0,2.0,6.0,,0.45,31.3%,80.3%,7.402777777777778,744.0,6.0,57.1%,33.0,1.0714285714285714,4.0,1257.0,23.0,Right,37.0,1.05,0.0,1.05,1.8333333333333333,14.0,2.0,65%,0%,38%,0%,31%,91%,0.4,1885.0
,2002-07-30,France,25.0,0.385,2.0,6.0,58.0,0.36700000000000005,20.0,1.0,1.2,7.0,25.0,10.0,0.7140000000000001,0.0,1.0,1.83,7.0,1.0,2.0,6.0,,0.33,33.3%,66.0%,7.402777777777778,68.0,18.0,44.8%,6.0,1.0714285714285714,13.0,261.0,26.0,Right,14.0,1.02,1.0,1.02,1.8333333333333333,17.0,5.0,67%,5%,76%,22%,79%,78%,0.98,541.0
,2003-01-28,England,6.0,0.33299999999999996,4.0,5.0,57.0,0.5589999999999999,1.0,6.0,1.2,4.0,30.0,10.0,0.588,0.0,0.0,1.79,8.2,2.0,0.0,8.0,18.2%,0.43,28.6%,71.7%,2.0,109.0,12.0,42.9%,22.0,1.0,12.0,319.0,35.0,Right,27.0,0.87,0.0,0.87,1.8333333333333333,8.0,3.0,8%,49%,39%,58%,52%,66%,0.53,559.0
,1996-09-17,Croatia,19.0,0.594,5.8273809523809526,3.0,36.0,0.5710000000000001,9.0,15.0,1.2,7.658823529411765,54.0,10.0,0.7140000000000001,0.0,2.0,1.86,7.5,39.0,0.0,1.0,,0.18,47.0%,85.2%,7.402777777777778,479.0,2.0,100.0%,1.0,1.0714285714285714,2.0,702.0,9.0,Right,55.0,0.8,1.0,0.8,1.8333333333333333,5.0,2.0,59%,12%,77%,41%,76%,41%,0.37,945.0
,1996-07-21,Nigeria,30.0,0.41100000000000003,5.0,9.0,91.0,0.467,10.0,10.0,1.2,20.0,76.0,20.0,0.645,0.0,2.0,1.83,5.5,5.0,0.0,9.0,,0.46,62.5%,74.1%,7.402777777777778,278.0,22.0,44.7%,13.0,1.0714285714285714,17.0,617.0,49.0,Left,7.0,1.53,2.0,1.53,1.8333333333333333,14.0,8.0,61%,24%,30%,64%,26%,68%,2.28,1228.0
,2004-01-12,Spain,2.0,0.28600000000000003,5.8273809523809526,14.919354838709678,12.0,0.5710000000000001,1.0,3.0,1.2,7.658823529411765,9.0,6.0,0.857,0.0,0.0,1.7,5.0,1.0,0.0,13.73224043715847,25.0%,0.03,33.3%,80.0%,1.0,44.0,2.0,75.0%,17.414893617021278,1.0714285714285714,3.0,112.0,2.0,Left,28.0,1.9227826086956519,0.0,1.8610434782608696,1.8333333333333333,0.0,8.096969696969698,,,,,,,2.1199,152.0
,1997-12-11,England,9.0,0.6920000000000001,5.8273809523809526,1.0,16.0,0.64,1.0,6.0,1.2,7.658823529411765,17.0,3.0,0.6,0.0,1.0,1.78,2.5,4.0,0.0,4.0,30.8%,0.23,44.4%,77.7%,4.0,108.0,2.0,66.7%,17.414893617021278,1.0714285714285714,2.0,217.0,2.0,Right,14.0,0.03,0.0,0.03,1.8333333333333333,1.0,1.0,5%,98%,2%,90%,25%,73%,0.06,368.0
,1999-01-20,England,9.0,0.429,2.0,6.0,38.0,0.5429999999999999,8.0,7.0,1.2,3.0,44.0,9.0,0.562,0.0,2.0,1.72,9.5,5.0,0.0,2.0,,0.13,62.5%,88.4%,7.402777777777778,289.0,6.0,100.0%,12.0,1.0714285714285714,1.0,425.0,5.0,Right,4.0,0.43,0.0,0.43,1.8333333333333333,4.0,1.0,33%,25%,89%,29%,8%,62%,0.02,758.0
,1998-08-27,Portugal,22.0,0.423,10.0,33.0,182.0,0.523,37.0,16.0,1.0,17.0,154.0,43.0,0.642,1.0,2.0,1.83,52.0,81.0,1.0,27.0,20.9%,1.33,68.6%,82.3%,9.0,802.0,39.0,61.1%,49.0,1.0714285714285714,44.0,1485.0,56.0,Right,27.0,2.47,1.0,2.47,1.8333333333333333,28.0,9.0,44%,79%,26%,92%,62%,91%,1.31,2475.0
,2001-02-12,Brazil,7.0,0.636,2.0,10.0,60.0,0.583,17.0,4.0,1.2,5.0,59.0,13.0,0.44799999999999995,0.0,5.0,1.76,40.0,10.0,0.0,5.0,12.5%,0.1,45.5%,79.5%,1.0,248.0,5.0,53.3%,16.0,1.0714285714285714,8.0,438.0,6.0,Right,8.0,0.31,1.0,0.31,1.8333333333333333,4.0,2.0,13%,28%,86%,58%,44%,57%,0.39,650.0
,1988-10-07,Spain,30.0,0.33299999999999996,6.0,7.0,48.0,0.27699999999999997,29.0,2.0,1.2,7.0,25.0,1.0,0.33299999999999996,1.0,5.0,1.85,1.7,24.165775401069517,0.0,11.0,,0.67,,73.5%,7.402777777777778,158.0,26.0,50.0%,10.0,1.0714285714285714,5.0,374.0,63.0,Right,17.545454545454547,3.2,1.0,3.2,1.8333333333333333,28.0,15.0,50%,59%,22%,79%,9%,23%,3.47,1245.0
