Player Name,Season_Year,Position,Successful,Average Rating,Defending - Aerial duels won,Defending - Blocked,Defending - Dribbled past,Defending - Duels won,Defending - Fouls committed,Defending - Interceptions,Defending - Penalties conceded,Defending - Possession won final 3rd,Defending - Recoveries,Defending - Tackles won,Discipline - Red cards,Discipline - Yellow cards,Minutes Played,Passing - Accurate long balls,Passing - Assists,Passing - Chances created,Passing - Successful crosses,Passing - Successful passes,Possession - Dispossessed,Possession - Fouls won,Possession - Penalties awarded,Possession - Successful dribbles,Possession - Touches,Possession - Touches in opposition box,ShootingRank - Goals,ShootingRank - Shots,ShootingRank - Shots on target
Aaron Lennon,2019.5,Attack,FALSE,-1.848254089,-1.039032725,-0.241807386,-0.131750521,-0.393847503,-0.016185978,0.046713897,0.708629803,-0.094450631,-0.333297576,-0.008720132,0.513925333,0.56187313,-0.50601976,-0.984072187,-0.216764057,-0.202023887,-0.125543881,-0.582438818,-0.209577336,-0.187429119,-0.575685221,-0.334724325,-0.456771309,-0.205467557,-0.270543124,-0.308736552,-0.174774579
Aaron Mooy,2017.5,Midfield,TRUE,0.119671128,-0.696919612,-0.067419178,0.189181921,-0.316740919,-0.227555806,-0.321568062,-0.489966892,0.130558518,0.560836951,0.720218344,-0.317341872,-0.085164088,0.684207915,0.277717982,-0.275040316,0.09797145,1.458985588,0.296965282,0.03579228,-0.403985427,-0.575685221,-0.485835256,0.111373483,-0.263988534,-0.155978368,-0.151111514,-0.178580735
Adam Armstrong,2019.5,Attack,FALSE,0.167669304,-0.967008911,0.387506582,-0.472133414,-0.579532746,-0.207984525,-1.259013047,-0.489966892,0.003990872,-0.705043724,-1.000554453,-0.317341872,-0.369860464,1.509808596,-0.851252169,-0.012797151,-0.102025441,-0.389632126,-0.615394084,-0.062355567,-0.26187035,-0.575685221,-0.177317106,-0.462499934,0.126780568,0.273639469,0.26866885,0.331444199
Adam Webster,2017.5,Defense,TRUE,0.551654712,2.610173813,-0.203896906,-0.48185864,0.429147263,-0.251041342,1.988564225,0.109331455,-0.417901282,0.191520516,-0.438913332,-0.317341872,-0.007519622,1.022752101,1.545042319,-0.333316575,-0.397854177,-0.615993478,0.054457512,-0.356799106,-0.17389435,-0.575685221,-0.511020411,0.065881462,-0.244166912,-0.232354872,-0.283848388,-0.167162267
Adama Traore,2016.5,Attack,TRUE,1.223629177,-0.486850156,-0.143240138,-0.297079355,1.225390764,-0.02401449,-0.890731089,0.708629803,-0.073356023,-0.005286268,0.146627412,1.345192538,-0.24045302,-0.177589315,-0.889991341,0.220307884,0.072971839,1.440122142,-0.715692718,0.436562652,0.435170267,0.185041678,4.677121545,-0.202858438,-0.067660096,-0.175072494,-0.146133881,-0.186193048
Albert Sambi Lokonga,2019.5,Midfield,FALSE,0.45565836,-0.540868016,-0.219061098,-0.170651423,0.070365606,-0.063157051,0.850238171,0.708629803,-0.157734454,0.198809656,0.01517949,1.345192538,-0.24045302,0.424976753,0.853271393,-0.158487799,-0.118691849,-0.804627939,0.611114933,-0.114155819,0.516378883,0.945768578,-0.202502261,0.160403772,-0.294192909,-0.232354872,-0.172681256,-0.19380536
Alex Telles,2018.5,Defense,TRUE,2.375585402,0.017316536,-0.241807386,-0.306804581,-0.329329749,0.026870839,1.486361554,-0.489966892,-0.277270564,-0.362454136,-0.391114087,1.345192538,-0.007519622,0.710290721,-0.176083745,0.307722272,0.4229664,4.345092835,-0.12034868,-0.324083157,-0.292323581,-0.575685221,-0.536205566,0.070936131,-0.297968455,-0.022319485,-0.161066779,-0.136713017
Alfie Mawson,2016.5,Defense,TRUE,0.45565836,0.737554669,-0.34795673,-0.423507287,-0.227045504,-0.399783073,-0.020246459,0.708629803,-0.319459779,-0.024723975,-0.462812954,-0.317341872,-0.318097486,0.9248085,1.849421526,-0.391592834,-0.493686021,-0.597130032,0.129681487,-0.356799106,-0.397218042,-0.575685221,-0.485835256,-0.116086621,-0.258325213,-0.175072494,-0.244027326,-0.25470386
Alireza Jahanbakhsh,2016.5,Attack,FALSE,3.23955257,-0.534866032,0.03114807,0.189181921,0.048335153,-0.106213867,-0.321568062,-0.489966892,0.011022408,-0.10004509,0.266125523,-0.317341872,-0.162808554,0.394103226,-0.153947076,0.191169755,0.168803683,0.213998148,-0.073781457,0.019434305,-0.014860811,0.185041678,0.553052393,0.022411309,0.028616349,0.082698208,0.102747758,0.110687138
Andre Ayew,2020,Attack,FALSE,0.503656536,0.677534824,0.03114807,-0.277628904,0.101837681,-0.215813037,-1.359453581,-0.489966892,0.025085479,-0.632152323,-0.916905776,-0.317341872,-0.162808554,1.699840474,-0.93426468,-0.158487799,-0.181190878,-0.842354831,-0.505782004,0.090318861,0.039278266,-0.575685221,0.137497333,-0.327034806,0.095632306,0.101792334,0.038038532,0.034564013
Angelino,2017.5,Defense,TRUE,1.559616409,-0.804955332,-0.317628346,-0.316529806,-0.285268843,-0.348897744,0.883718349,-0.489966892,-0.16476599,0.347022173,-0.223816732,-0.317341872,-0.24045302,1.062674765,0.504618846,0.191169755,0.372967177,2.666246136,0.136129257,-0.236840627,-0.17389435,-0.575685221,0.074534446,0.256610972,-0.184702049,-0.213260746,-0.21582074,-0.167162267
Antoine Semenyo,2020.5,Attack,FALSE,-0.312312456,-0.090719184,-0.059837082,0.315609852,0.001127041,0.273468972,-0.890731089,-0.489966892,0.186810805,-0.381891844,-0.176017488,-0.317341872,0.044243356,0.240267896,-0.995140522,0.511689178,-0.102025441,-0.502812802,-0.636886648,0.068508228,-0.045314042,0.185041678,0.162682489,-0.369662514,0.047494084,-0.079601863,0.028083266,-0.02252833
Antonee Robinson,2018.5,Defense,TRUE,-1.080283273,-0.246770779,-0.363120922,0.383686431,-0.052375487,-0.251041342,1.084599417,-0.489966892,-0.291333636,0.147785675,0.397573445,-0.317341872,-0.111045577,0.842833964,0.012077946,-0.333316575,-0.177024276,0.346042271,-0.407632626,-0.089618857,-0.282172504,-0.575685221,0.168978777,0.022748287,-0.244166912,-0.251448998,-0.295462864,-0.28515311
Antony,2020.5,Attack,TRUE,1.703610937,-0.756939456,0.243446758,0.218357597,-0.168822165,-0.227555806,-0.907471178,-0.489966892,0.390725346,0.033589146,-0.558411443,0.513925333,-0.136927065,-0.323972414,-0.497065455,0.453412919,0.218802906,1.572166264,0.203472626,-0.119608477,-0.055465119,0.185041678,0.471200639,0.109183127,0.183413771,0.149527649,0.230506999,0.163973325
Armel Bella Kotchap,2020.5,Defense,TRUE,-0.168317928,0.377435602,-0.256971578,-0.423507287,-0.129482071,-0.106213867,2.172705204,0.708629803,-0.417901282,0.138066822,-0.152117866,-0.317341872,-0.007519622,0.031605442,0.808998053,-0.449869093,-0.502019225,-0.65372037,-0.028647071,-0.37315708,-0.058848811,-0.575685221,-0.832131139,-0.129565738,-0.299856229,-0.251448998,-0.285507599,-0.281346954
Arnaut Danjuma,2018,Attack,TRUE,-0.312312456,-1.069042647,0.023565974,-0.627737023,-0.34663939,-0.33324072,-0.957691445,-0.489966892,-0.031166808,-0.245827894,-0.295515599,-0.317341872,-0.473386419,-0.939313734,0.150432132,0.220307884,0.181303489,0.119680918,-0.291930987,0.052150254,-0.197580196,-0.575685221,0.351571152,-0.191401188,0.123005021,0.092245271,0.074541172,0.202034887
Ashley Fletcher,2019.5,Attack,FALSE,-0.600301512,0.875600311,-0.059837082,-0.209552326,-0.165674958,0.269554715,-1.225532869,-0.489966892,0.088369302,-0.692895157,-0.809357476,-0.317341872,-0.059282599,-0.199413704,-1.056016363,0.074617237,-0.160357868,-0.766901047,-0.793065951,-0.234114298,-0.221266042,0.185041678,-0.599168454,-0.545733483,0.059764611,0.054057019,0.01646879,0.034564013
Ben Davies,2018.5,Defense,FALSE,-0.840292393,1.181701517,-0.38586721,-0.67636315,-0.132629279,-0.403697329,0.16389452,-0.489966892,-0.298365172,0.176942236,-0.343314843,-0.317341872,-0.162808554,1.341068805,1.428824803,-0.362454704,-0.472853012,-0.710310709,0.018636571,-0.405873029,-0.343078965,-0.575685221,-0.882501449,-0.135968319,-0.310238983,-0.251448998,-0.320351028,-0.296571578
Ben Gibson,2016.5,Defense,FALSE,-0.120319752,0.251393929,-0.370703018,-0.618011797,-0.428466785,-0.298012415,0.381515678,0.708629803,-0.326491315,-0.304141015,-0.701809176,-0.317341872,-0.188690043,1.787138031,1.096774759,-0.304178446,-0.485352817,-0.219861111,0.113920273,-0.367704422,-0.417520196,-0.575685221,-0.674723919,-0.139675076,-0.293249022,-0.251448998,-0.292144442,-0.266122329
Ben Godfrey,2018.5,Defense,TRUE,-0.120319752,0.227385991,-0.302464154,-0.540209993,-0.42217237,-0.376297536,-0.321568062,1.907226497,-0.40383821,-0.075747957,-0.391114087,0.513925333,-0.188690043,0.490982223,0.377332995,-0.333316575,-0.46868641,-0.446222464,0.654816481,-0.378609738,-0.45135712,-0.575685221,-0.737686807,0.099242278,-0.277202948,-0.19416662,-0.244027326,-0.209029985
Ben Osborn,2017,Midfield,FALSE,0.023674776,-0.648903736,-0.188732714,0.73379455,-0.11217243,-0.33324072,0.046713897,-0.489966892,-0.242112885,0.441780995,0.481222122,-0.317341872,-0.292215998,1.866983358,0.178102969,-0.10021154,0.156303877,0.836491868,0.368248954,-0.029639618,-0.16035958,0.185041678,-0.126946795,0.248860479,-0.185645936,-0.184619557,-0.189273365,-0.197611517
Benik Afobe,2016.5,Attack,FALSE,-0.984286921,0.797574513,-0.04467289,-0.11230007,-0.082273959,-0.020100234,-0.52244913,-0.489966892,-0.16476599,-0.768216272,-0.701809176,-0.317341872,-0.395741952,-1.131474821,-0.513667957,-0.158487799,-0.18535748,-0.804627939,-0.608229895,-0.135966452,-0.052081426,2.467222378,-0.372502058,-0.496871683,0.113566154,-0.09869599,-0.046581226,-0.014916018
Bernard,2016,Attack,FALSE,-0.26431428,-0.34280253,0.266193046,0.053028763,-0.159380543,0.007299559,1.067859328,-0.489966892,0.320409987,-0.265265601,-0.630110309,-0.317341872,-0.473386419,-1.671761534,0.637438864,0.103755366,-0.089525636,-0.333041788,0.120368043,-0.02418696,0.316741036,-0.575685221,0.150089911,-0.021227333,-0.117686092,0.082698208,-0.020033851,-0.182386892
Bobby Reid,2016.5,Attack,FALSE,0.119671128,-0.732931518,0.137297414,0.101654891,-0.256943976,-0.172756221,-0.455488774,-0.489966892,-0.038198344,-0.141350218,-0.008720132,-0.317341872,-0.085164088,0.885950441,-0.447257948,-0.129349669,-0.05619282,-0.65372037,-0.310557876,-0.040544934,-0.079150965,-0.575685221,-0.045095041,-0.262672021,-0.048782362,0.006321704,0.069563539,0.011727076
Borja Baston,2017.5,Attack,FALSE,-1.704259561,0.473467353,-0.15840433,0.383686431,-0.307299296,0.21475513,-1.292493225,-0.489966892,-0.052261415,-0.819240254,-0.654009931,-0.317341872,0.096006333,-0.897794164,-1.094755535,-0.362454704,-0.368687964,-0.578266586,-0.70852853,-0.149598097,-0.312625735,0.945768578,-0.712501652,-0.563087847,-0.035567948,-0.041413611,0.018128,-0.030140643
Branislav Ivanovic,2018.5,Defense,FALSE,0.45565836,0.305411789,-0.325210442,-0.705538827,-0.411157144,-0.423268609,-0.254607705,1.907226497,-0.199923669,-0.134061078,-0.498662387,-0.317341872,-0.214571531,-0.479936953,1.838353191,-0.449869093,-0.477019614,-0.615993478,0.308786192,-0.392241384,-0.356613735,-0.575685221,-0.819538561,-0.119793378,-0.265876307,-0.155978368,-0.230753638,-0.186193048
Brenden Aaronson,2020.5,Midfield,FALSE,-0.360310632,-0.828963269,-0.029508698,-0.374881159,-0.178263788,-0.15318494,-1.225532869,-0.489966892,0.278220772,-0.022294262,-0.630110309,-0.317341872,-0.421623441,-0.475146233,-0.652022143,0.307722272,0.302134944,-0.333041788,-0.383990805,0.106676835,0.110335805,-0.575685221,0.231941665,-0.245486146,0.089968986,-0.022319485,-0.023352273,-0.064396049
Bruno Fernandes,2017.5,Midfield,TRUE,3.23955257,-0.642901752,0.03114807,0.286434176,-0.07440594,-0.02401449,-0.52244913,-0.489966892,0.011022408,0.031159433,0.373673823,-0.317341872,0.147769311,0.869449073,0.864339727,0.511689178,0.589630476,2.21352343,0.181263642,0.090318861,0.228765036,0.185041678,-0.158428239,0.190731786,-0.058221229,0.187715902,0.189026726,0.2096472
Callum Robinson,2017.5,Attack,FALSE,0.071672952,-0.840967238,0.425417062,0.189181921,-0.393847503,-0.37238328,-0.572669397,-0.489966892,0.018053944,-0.051450823,-0.701809176,-0.317341872,-0.369860464,0.264753797,-0.480462953,0.103755366,0.114637858,1.30807802,-0.472468529,0.278435566,-0.197580196,-0.575685221,0.181571355,-0.242790323,0.051269631,0.101792334,0.207278046,0.144942544
Calvin Ramsay,2021,Defense,FALSE,-0.168317928,-0.798953347,-0.317628346,-0.160926198,-0.327756145,-0.059242795,0.013233719,-0.489966892,-0.305396708,-0.238538754,-0.379164276,-0.317341872,-0.343978975,-0.44001429,-0.203754583,0.191169755,0.406299992,3.100105395,-0.082020273,-0.247745943,0.01559242,1.326132028,-0.177317106,0.125863534,-0.295136795,-0.222807809,-0.240708904,-0.197611517
Carlos Alcaraz,2020.5,Midfield,FALSE,-0.744296041,2.142019027,1.835686918,0.996375639,0.854020277,-0.164927709,-0.254607705,-0.489966892,1.501708017,0.113769688,2.883134152,-0.317341872,0.820688017,-2.131670617,-0.513667957,-0.449869093,0.48963203,-0.351905234,-0.257184674,-0.291367208,1.3453835,-0.575685221,-0.20879855,-0.005557859,0.345762287,-0.270543124,0.885895314,-0.064396049
Carlos Vinicius,2020,Attack,FALSE,0.45565836,1.319747159,-0.211479002,-0.083124394,0.034172719,0.700122883,-0.740070287,-0.489966892,-0.24914442,-0.841107674,-0.940805398,-0.317341872,1.053621416,-1.864454923,-1.039413861,-0.449869093,-0.306188935,-0.351905234,-0.952827347,0.136666455,-0.258486658,-0.575685221,-0.341020614,-0.563761803,0.055989064,0.015868767,-0.015056218,0.125911763
Cedric Kipre,2018.5,Defense,FALSE,-0.792294217,0.497475291,-0.287299962,-0.598561346,-0.220751089,-0.161013452,0.51543639,1.30792815,-0.431964354,-0.104904517,-0.09236881,0.929558935,0.070124844,1.101000521,0.615302194,-0.449869093,-0.518685633,-0.955535507,-0.204886101,-0.37315708,-0.268637734,-0.575685221,-0.750279385,-0.251214771,-0.277202948,-0.241901935,-0.282189177,-0.269928485
Che Adams,2017.5,Attack,FALSE,-0.216316104,-0.516860079,0.288939334,-0.627737023,-0.315167315,0.109070216,-1.37619367,-0.489966892,-0.087419095,-0.459642672,-0.665959743,0.929558935,-0.24045302,0.616605538,-0.795910495,-0.129349669,0.027139218,-0.691447263,-0.735752445,0.264803921,-0.089302042,-0.575685221,-0.05139133,-0.480191276,0.055045178,0.12088646,0.097770125,0.156361013
Chris Mepham,2017,Defense,FALSE,-0.120319752,1.877931711,-0.279717866,0.121105342,0.167929039,-0.098385355,0.749797636,2.506524845,-0.424932818,0.104050834,-0.044569566,-0.317341872,0.070124844,-0.37187961,0.399469665,-0.449869093,-0.443686798,-0.219861111,0.24968164,-0.340441131,-0.292323581,-0.575685221,-0.56768701,0.049706522,-0.237559705,-0.222807809,-0.209183896,-0.201417673
Cody Gakpo,2020.5,Attack,TRUE,1.655612761,-0.420828328,0.228282566,-0.229002777,0.076660021,-0.211898781,-0.68985002,0.708629803,0.011022408,-0.265265601,-0.761558231,-0.317341872,-0.266334509,-0.282452844,-0.973003852,0.657379825,0.472965623,1.289214574,-0.339572839,0.158477088,0.022359805,-0.575685221,1.126014672,-0.108336128,0.175862678,0.187715902,0.155842507,0.110687138
Connor Roberts,2019.5,Defense,TRUE,0.071672952,-0.534866032,-0.219061098,-0.462408189,-0.370243446,-0.290183903,0.197374698,3.105823192,-0.228049813,-0.233679327,-0.558411443,-0.317341872,-0.214571531,1.459772191,-0.065400397,-0.041935281,0.03130582,0.15740781,0.045860486,-0.280461892,0.056196728,0.185041678,-0.712501652,0.096883432,-0.188477596,-0.203713683,-0.225776005,-0.235673079
Daniel Podence,2017,Attack,FALSE,-0.408308808,-0.354806499,-0.31004625,-0.345705483,0.010568663,-0.298012415,0.615876924,-0.489966892,0.278220772,-0.452353532,0.158577223,-0.317341872,-0.473386419,-1.640888008,-0.818047165,1.065313637,0.322967954,0.949672544,-0.386498271,0.668300623,0.739702575,5.890493427,0.087127023,-0.188031409,0.033335783,-0.270543124,-0.098016764,0.00792092
Darwin Nunez,2020.5,Attack,TRUE,1.031636473,-0.276780701,-0.067419178,-0.501309091,-0.274253617,-0.027928746,-1.409673849,-0.489966892,0.186810805,-0.722051718,-0.928855587,-0.317341872,-0.007519622,-0.178121617,-0.93426468,0.482551049,0.089638247,-0.427359018,-0.748647984,-0.018734302,-0.126522657,0.185041678,0.068238157,-0.47463114,0.443926506,0.435939541,0.202300413,0.255321074
David Brooks,2017,Midfield,FALSE,-1.512266857,-0.780947394,0.33443191,0.519839588,0.089248851,-0.051414282,-0.422008596,-0.489966892,-0.017103736,-0.277414168,0.01517949,-0.317341872,0.535991641,-0.968058052,-0.856786337,0.453412919,0.460465817,-0.295314895,-0.124288984,0.300246199,0.211846574,-0.575685221,0.874163121,0.007078813,0.267419689,-0.041413611,0.057949063,-0.026334486
Dimitrios Giannoulis,2020,Defense,FALSE,-0.984286921,-0.084717199,-0.279717866,-0.044223492,-0.027197827,-0.168841965,0.230854876,-0.489966892,-0.361648995,0.330014179,0.182476845,2.592093345,-0.473386419,-0.797721354,-0.596680469,-0.245902187,-0.093692238,-0.766901047,0.194517391,-0.127787464,-0.11637158,-0.575685221,-0.20879855,0.182475827,-0.19319703,-0.270543124,-0.232412849,-0.269928485
Djed Spence,2020.5,Defense,FALSE,-1.656261385,-0.162742997,-0.241807386,-0.423507287,-0.105878015,-0.22364155,0.615876924,-0.489966892,-0.16476599,-0.151069072,-0.19991711,-0.317341872,-0.266334509,0.847624684,-0.685227147,-0.304178446,-0.210357091,-0.257588003,-0.420528165,0.090318861,-0.140057427,0.185041678,0.118608467,-0.135294363,-0.156385448,-0.232354872,-0.262278646,-0.25470386
Donny Van De Beek,2018.5,Midfield,FALSE,0.887641945,-0.750937472,-0.029508698,-0.248453228,-0.367096239,-0.337154976,-0.288087884,-0.489966892,0.053211623,-0.114623371,0.003229679,-0.317341872,-0.24045302,0.130081345,-0.751637156,0.42427479,0.172970285,-0.65372037,-0.116050167,-0.133240123,-0.34984635,0.945768578,-0.334724325,-0.229816672,0.303287385,0.073151145,-0.029989116,-0.011109861
Duje Caleta Car,2020.5,Defense,TRUE,-0.216316104,0.077336381,-0.287299962,-0.579110895,-0.508720577,-0.290183903,0.331295411,-0.489966892,-0.052261415,-0.187514772,-0.773508042,0.513925333,0.199532288,0.40474927,1.417756468,-0.391592834,-0.477019614,-0.351905234,1.029861733,-0.408599358,-0.434438658,0.185041678,-0.869908872,0.22763087,-0.296080682,-0.19416662,-0.28716681,-0.269928485
Eberechi Eze,2018.5,Midfield,TRUE,0.407660184,-0.780947394,-0.00676241,-0.258178453,-0.003593771,-0.286269647,-0.790290554,-0.489966892,0.074306231,0.040878286,-0.534511821,-0.317341872,-0.318097486,1.66949925,-0.513667957,-0.07107341,0.047972227,0.213998148,-0.224229409,0.090318861,0.272753036,0.945768578,0.634904147,-0.20572275,-0.14128326,-0.0700548,-0.010078585,0.011727076
Edo Kayembe,2019.5,Midfield,TRUE,-0.456306984,-0.318794592,-0.135658042,-0.28735413,-0.291563258,0.042527863,1.218520129,-0.489966892,-0.277270564,0.521961537,0.170527034,-0.317341872,0.199532288,-0.750878763,1.096774759,-0.158487799,-0.197857285,-0.785764493,0.635114964,-0.067808225,-0.397218042,-0.575685221,-0.221391127,0.168659732,-0.312126756,-0.270543124,-0.192591787,-0.25470386
Emmanuel Dennis,2019.5,Attack,FALSE,-1.320274153,-0.294786654,-0.059837082,-0.034498266,0.152193001,0.704037139,-0.857250911,-0.489966892,0.38369381,-0.223960473,0.242225901,-0.317341872,-0.007519622,-1.286374756,-0.646487975,-0.449869093,-0.243689906,-0.219861111,-0.480707346,0.027613292,-0.062232503,-0.575685221,0.754533634,-0.220549779,0.3306601,-0.09869599,-0.016715429,-0.045365267
Enzo Fernandez,2020.5,Midfield,TRUE,1.319625529,-0.246770779,-0.037090794,0.218357597,0.065644795,-0.035757258,2.206185382,-0.489966892,0.018053944,0.354311313,0.540971178,7.164062971,-0.007519622,-2.003918094,1.362414794,-0.449869093,0.018806014,0.289451932,0.758339,-0.190493033,0.130637959,-0.575685221,-0.082872774,0.30732615,-0.297968455,-0.270543124,-0.131200983,-0.186193048
Erik Pieters,2017.5,Defense,FALSE,-0.26431428,0.005312567,-0.226643194,-0.11230007,-0.193999825,0.163869801,1.318960663,1.907226497,-0.40383821,-0.056310249,0.5648708,-0.317341872,-0.007519622,0.241864803,-0.181617913,-0.275040316,-0.38118777,-0.351905234,-0.136109894,-0.280461892,-0.288939888,-0.575685221,-0.731390519,0.033531581,-0.31967785,-0.222807809,-0.313714184,-0.281346954
Fabio Silva,2019,Attack,FALSE,-1.560265033,0.317415758,0.304103526,-0.209552326,0.204121925,1.353803647,-0.907471178,-0.489966892,-0.115545238,-0.627292896,-0.19991711,-0.317341872,-0.473386419,-1.994336655,-0.663090477,-0.449869093,-0.243689906,-0.446222464,-0.625065738,0.109403164,0.770155806,-0.575685221,-0.592872165,-0.412964178,0.334435646,0.197262965,0.293557014,0.24009645
Fabio Vieira,2020.5,Midfield,FALSE,0.359662008,-0.786949378,0.493655926,0.266983725,0.273360491,0.011213815,-0.957691445,-0.489966892,0.186810805,-0.158358212,0.230276089,-0.317341872,-0.007519622,-1.27519641,1.196389772,1.269280543,0.456299215,3.36419364,0.4613834,-0.056902909,0.57051796,0.945768578,0.704163324,0.308674062,-0.092201151,-0.079601863,0.149205663,-0.068202205
Federico Fernandez,2016.5,Defense,TRUE,-0.312312456,0.335421711,-0.370703018,-0.248453228,-0.294710466,-0.196241757,0.883718349,3.105823192,-0.319459779,-0.313859869,-0.008720132,-0.317341872,0.096006333,0.52930798,0.676178036,-0.304178446,-0.485352817,-0.955535507,0.008248498,-0.394967713,-0.339695273,-0.575685221,-0.857316294,-0.173035891,-0.275315174,-0.251448998,-0.288826021,-0.28515311
Florent Hadergjonaj,2016.5,Defense,FALSE,-0.696297864,-0.318794592,-0.264553674,-0.083124394,-0.343492182,-0.145356428,1.218520129,-0.489966892,-0.24914442,-0.177795919,0.158577223,-0.317341872,0.044243356,-0.116374564,0.122761295,-0.275040316,-0.068692626,0.855355314,-0.481065555,-0.367704422,-0.26187035,-0.575685221,-0.473242678,-0.074806824,-0.287585702,-0.251448998,-0.288826021,-0.292765422
Flynn Downes,2020.5,Midfield,TRUE,-0.26431428,-0.420828328,-0.241807386,-0.248453228,-0.091715581,0.054270631,0.833498082,-0.489966892,-0.136639846,0.320295326,0.875565889,1.345192538,0.35482122,0.213120485,-0.325506265,-0.362454704,-0.281189324,-0.65372037,0.862577939,-0.247745943,0.029127189,-0.575685221,-0.435464946,0.207580683,-0.315902303,-0.251448998,-0.312054974,-0.239479235
Frank Onyeka,2019.5,Midfield,FALSE,-0.0243234,-0.258774748,-0.181150618,0.198907146,0.16006102,0.336097069,1.017639061,0.708629803,0.053211623,0.385897587,0.720218344,0.513925333,0.303058243,0.35843898,-0.23142542,-0.275040316,-0.268689518,-0.729174155,0.056248559,-0.152324426,0.313357344,-0.575685221,-0.221391127,-0.091992698,-0.254549666,-0.146431305,-0.194250998,-0.201417673
Fred,2016,Midfield,TRUE,-0.888290569,-0.34280253,-0.294882058,1.2103306,-0.244355146,0.257811947,0.86697826,-0.489966892,-0.185860597,1.143968165,-0.379164276,7.579696574,0.535991641,-1.693053621,1.677862337,0.103755366,0.01047281,-0.672583817,0.772309167,0.1502981,0.093417343,-0.575685221,0.074534446,0.298564724,-0.270595741,-0.089148926,-0.134519405,-0.030140643
Georginio Rutter,2020.5,Attack,TRUE,-1.032285097,0.67153284,-0.173568522,-0.365155934,0.366203112,0.062099144,-0.790290554,-0.489966892,0.102432374,-0.634582036,0.062978734,-0.317341872,-0.318097486,-1.21185245,-0.685227147,-0.275040316,-0.218690295,-0.46508591,-0.709961368,-0.035092276,0.313357344,-0.575685221,0.357867441,-0.369325536,0.185301545,0.130433523,0.076200383,0.129717919
Harry Souttar,2020.5,Defense,FALSE,0.743647417,1.793903929,-0.317628346,-0.618011797,0.07193921,-0.305840927,0.883718349,-0.489966892,-0.235081349,-0.136490791,-0.032619755,0.513925333,-0.162808554,0.389844809,1.522905649,-0.333316575,-0.452020002,-0.351905234,0.435234113,-0.384062397,-0.431054966,-0.575685221,-0.712501652,0.113058373,-0.246998573,-0.251448998,-0.260619435,-0.281346954
Harry Toffolo,2020.5,Defense,FALSE,-0.408308808,-0.306790623,-0.302464154,-0.501309091,-0.411157144,-0.227555806,0.649357102,-0.489966892,-0.326491315,-0.326008436,-0.534511821,0.513925333,-0.214571531,1.130809444,-0.419587111,0.074617237,-0.139524859,0.327178825,-0.076288923,-0.25865126,-0.211114965,-0.575685221,-0.542501855,0.02072642,-0.173375409,-0.165525431,-0.232412849,-0.231866923
Ibrahima Diallo,2018.5,Midfield,FALSE,-0.792294217,-0.336800546,-0.287299962,0.266983725,0.045187946,0.073841912,0.850238171,-0.489966892,-0.178829062,0.699330614,0.911415322,-0.317341872,-0.007519622,-0.593317317,0.831134723,-0.362454704,-0.377021168,-0.691447263,0.14615912,-0.100524174,-0.153592196,-0.575685221,0.005275269,-0.104292393,-0.313070643,-0.270543124,-0.313714184,-0.288959266
Issa Kabore,2019,Defense,FALSE,-0.408308808,-0.918993036,-0.135658042,1.093627894,0.035746323,0.210840874,0.281075144,-0.489966892,0.38369381,0.356741027,2.285643598,-0.317341872,-0.473386419,-1.710087291,-0.541338794,0.132893496,0.531298049,1.609893157,-0.382557968,0.008528989,0.117103189,-0.575685221,-0.397687213,0.065207507,-0.060109002,-0.270543124,-0.225776005,-0.170968423
Jack Robinson,2017.5,Defense,FALSE,-0.312312456,1.14568961,-0.332792538,-0.170651423,0.089248851,-0.172756221,0.465216123,1.907226497,-0.347585923,0.036018859,0.337824389,0.513925333,0.044243356,0.933857637,0.548892185,-0.333316575,-0.368687964,-0.521676248,-0.094557603,-0.307725183,-0.288939888,-0.575685221,-0.573983299,-0.029651781,-0.286641815,-0.213260746,-0.283848388,-0.262316172
Jamal Lewis,2018.5,Defense,FALSE,-1.656261385,-0.882981129,-0.34795673,-0.384606385,-0.307299296,-0.290183903,-0.120686993,-0.489966892,-0.298365172,0.05788628,0.134677601,-0.317341872,-0.059282599,1.014767568,-0.585612134,-0.304178446,-0.297855731,-0.295314895,-0.05372173,-0.127787464,-0.194196504,-0.575685221,-0.133243084,0.042293007,-0.239447479,-0.251448998,-0.285507599,-0.262316172
James Bree,2020.5,Defense,FALSE,-0.120319752,-0.252772763,-0.287299962,-0.267903679,-0.433187597,-0.290183903,-0.422008596,-0.489966892,-0.122576774,-0.160787925,-0.271615976,-0.317341872,-0.318097486,0.649075971,-0.48599712,-0.245902187,0.089638247,2.402157891,-0.398319182,-0.318630499,-0.356613735,-0.195321772,-0.61805732,-0.096710389,-0.278146834,-0.232354872,-0.249004958,-0.262316172
James Maddison,2017,Midfield,TRUE,2.903565338,-0.97901288,0.478491734,0.014127861,0.175797058,-0.184498989,-0.773550465,-0.489966892,-0.115545238,-0.165647352,-0.498662387,-0.317341872,-0.03340111,1.683871409,0.366264661,0.132893496,0.727128339,1.666483495,0.403711685,-0.037818605,0.672028729,1.326132028,0.716755901,0.166469375,-0.119573866,0.063604082,0.112703023,-0.041559111
Jarrod Bowen,2017.5,Attack,TRUE,0.263665656,-0.498854125,0.114551126,0.237808048,-0.039786657,-0.266698366,0.046713897,-0.489966892,-0.094450631,0.176942236,-0.056519377,-0.317341872,-0.369860464,1.65991781,-0.729500486,-0.275040316,-0.102025441,0.421496055,-0.525125312,0.183014049,0.218613959,0.185041678,-0.070280196,-0.27581416,0.043718537,0.149527649,0.033060899,0.061207107
Jay Rodriguez,2017.5,Attack,FALSE,-0.360310632,0.125352256,-0.075001274,0.27670895,-0.319888126,-0.016185978,-0.890731089,-0.489966892,-0.024135272,-0.464502099,-0.534511821,0.09829173,-0.266334509,1.416123412,-0.795910495,-0.216764057,-0.197857285,-0.823491385,-0.603214964,0.008528989,-0.292323581,-0.575685221,-0.473242678,-0.447504416,-0.048782362,0.073151145,0.028083266,0.015533232
Jayden Bogle,2018.5,Defense,FALSE,-1.080283273,-0.618893814,-0.332792538,-0.063673943,-0.085421166,-0.094471099,-0.053726637,-0.489966892,-0.319459779,-0.029583402,0.397573445,-0.317341872,0.044243356,1.210654771,0.034214616,0.074617237,-0.139524859,0.213998148,0.045860486,-0.045997592,-0.16035958,0.565405128,0.131201045,0.143891854,-0.186589823,-0.232354872,-0.262278646,-0.250897704
Joao Palhinha,2020.5,Midfield,TRUE,0.45565836,0.461463384,-0.059837082,0.383686431,0.515695469,0.500495824,0.816757992,-0.489966892,-0.192892133,0.128347968,1.461106632,0.513925333,0.225413777,0.1433889,0.598699692,-0.449869093,-0.343688352,-0.955535507,0.299472747,-0.160503413,0.333659498,-0.575685221,-0.416576079,0.02881389,-0.213962537,-0.184619557,-0.136178616,-0.178580735
Joe Aribo,2021,Midfield,FALSE,0.359662008,0.245391945,0.114551126,-0.170651423,0.106558492,-0.164927709,-0.890731089,-0.489966892,0.271189236,-0.046591396,-0.020669944,-0.317341872,-0.03340111,0.679949497,-0.889991341,0.045479107,0.297968342,-0.842354831,0.133263582,0.183014049,-0.018244503,-0.575685221,0.106015889,0.012301971,0.170199357,-0.012772422,-0.053218069,-0.094845298
Joe Bryan,2016.5,Defense,TRUE,0.407660184,-0.042703308,-0.128075946,0.033578312,0.205695529,-0.164927709,1.687242622,0.708629803,-0.263207492,0.446640422,1.018963622,-0.317341872,0.199532288,1.675354574,0.216842141,-0.275040316,-0.177024276,0.478086393,-0.306259363,-0.171408729,-0.018244503,0.185041678,0.175275066,0.023253754,-0.230008612,-0.19416662,-0.149452303,-0.19380536
Joe Rodon,2018.5,Defense,FALSE,0.21566748,1.265729299,-0.294882058,-0.56938567,-0.058669902,-0.305840927,0.883718349,0.708629803,-0.291333636,-0.160787925,-0.594260876,-0.317341872,-0.111045577,-0.141925069,0.189171304,-0.391592834,-0.485352817,-0.446222464,0.498637179,-0.364978093,-0.241568196,-0.575685221,-0.750279385,0.078349646,-0.283810155,-0.270543124,-0.2705747,-0.296571578
Joe Rothwell,2020.5,Midfield,FALSE,0.167669304,-1.015024787,-0.19631481,0.296159401,-0.452070842,-0.251041342,0.113674253,-0.489966892,-0.024135272,0.130777681,-0.426963521,-0.317341872,0.121887822,0.740099643,0.70938304,0.191169755,0.143804071,0.553540177,0.110338179,-0.225935311,-0.380299581,-0.575685221,0.168978777,-0.097552834,-0.192253143,-0.175072494,-0.169362834,-0.16335611
Joel Veltman,2018.5,Defense,TRUE,0.359662008,1.073665797,-0.34795673,-0.11230007,0.370923924,-0.204070269,-0.254607705,-0.489966892,0.046180087,0.451499849,1.11456211,-0.317341872,0.328939732,-1.054823307,0.017612114,-0.449869093,-0.177024276,-0.46508591,0.761921095,-0.220482653,-0.16035958,-0.575685221,-0.435464946,0.336811719,-0.20169201,-0.175072494,-0.239049693,-0.220448454
Jonny Evans,2016.5,Defense,TRUE,-0.168317928,-0.054707277,-0.363120922,-0.190101874,-0.294710466,-0.164927709,1.971824136,-0.489966892,-0.417901282,0.172082809,-0.295515599,-0.317341872,0.251295265,0.424976753,0.421606335,-0.275040316,-0.427020391,-0.880081723,-0.198438331,-0.356799106,-0.221266042,-0.575685221,-0.529909277,-0.274297759,-0.305519549,-0.19416662,-0.298781286,-0.25470386
Jordan Ayew,2017,Attack,FALSE,-0.552303336,-0.174746966,0.18278999,0.344785529,0.418132036,0.206926618,-0.455488774,-0.489966892,0.074306231,-0.265265601,0.959214566,0.929558935,-0.318097486,0.851350799,-0.889991341,-0.275040316,-0.343688352,-0.729174155,-0.427692353,0.482910246,0.367496421,-0.575685221,0.565644971,-0.242790323,-0.031792401,-0.060507737,-0.013397007,-0.072008361
Jose Salomon Rondon,2020,Attack,FALSE,-0.50430516,0.437455447,0.205536278,-0.11230007,-0.481969313,-0.239298574,-1.125092335,-0.489966892,-0.206955205,-0.843537387,-1.155901997,-0.317341872,-0.473386419,-1.398158213,-1.006208857,0.249446013,-0.147858062,-0.634856924,-0.72034944,-0.329535815,-0.478426658,-0.575685221,-0.674723919,-0.596617151,0.174918791,0.187715902,0.223870155,0.274351856
Josh Bowler,2021,Midfield,FALSE,-1.320274153,-1.14106646,0.25861095,0.296159401,-0.01146179,-0.22364155,-0.873991,-0.489966892,0.011022408,-0.306570729,-0.379164276,-0.317341872,0.018361867,0.816218855,-0.923196346,-0.158487799,-0.035359811,0.119680918,-0.790916694,0.172108733,0.086649959,0.565405128,1.18897756,-0.423410494,0.106958947,-0.060507737,0.01646879,-0.045365267
Josh Brownhill,2017.5,Midfield,TRUE,0.167669304,-0.090719184,-0.150822234,-0.122025296,-0.256943976,-0.13361366,0.180634609,-0.489966892,-0.221018277,0.002002872,-0.379164276,0.09829173,-0.059282599,1.86485415,0.11169296,-0.10021154,-0.152024664,-0.087816989,0.050158999,-0.236840627,-0.224649734,-0.575685221,-0.35990948,-0.032179116,-0.199804237,-0.155978368,-0.064832546,-0.087232986
Josh Murphy,2016.5,Attack,FALSE,-1.176279625,-0.906989067,0.18278999,0.471213461,0.051482361,-0.125785148,-0.756810376,-0.489966892,-0.038198344,-0.177795919,-0.558411443,-0.317341872,-0.111045577,-0.079645714,-0.840183835,0.307722272,-0.068692626,-0.314178341,-0.671632961,0.259351263,0.286287805,-0.575685221,0.974903741,-0.276993583,0.190964865,-0.003225359,0.145887242,0.095462513
Joshua King,2018.5,Attack,FALSE,-0.648299688,0.437455447,-0.165986426,-0.297079355,0.048335153,0.0660134,-1.259013047,-0.489966892,0.074306231,-0.226390187,-0.797407665,-0.317341872,-0.369860464,0.466496323,-1.044948029,-0.041935281,-0.039526413,-0.540539694,-0.60536422,0.29751987,-0.126522657,0.565405128,0.446015484,-0.366629713,0.075810685,0.034962893,-0.081424655,-0.079620673
Julian Alvarez,2019.5,Attack,TRUE,-0.0243234,-0.822961285,0.076640646,1.093627894,-0.466233275,-0.258869854,-0.35504824,-0.489966892,0.404788418,0.147785675,-0.247716354,-0.317341872,-0.473386419,-1.871374851,-0.098605402,-0.449869093,0.427133001,3.533964654,-0.249304067,-0.02418696,-0.447973427,-0.575685221,0.106015889,-0.083736739,0.086193439,-0.270543124,-0.112949663,-0.068202205
Juninho Bacuna,2016.5,Midfield,FALSE,-0.792294217,-0.408824359,-0.135658042,0.694893648,-0.168822165,-0.039671514,-0.020246459,-0.489966892,-0.0100722,0.259552491,-0.128218243,-0.317341872,-0.266334509,-0.760460202,0.43267467,-0.245902187,-0.102025441,-0.050090097,-0.223871199,0.161203417,0.025743497,-0.575685221,-0.152131951,-0.148941969,-0.239447479,-0.251448998,-0.169362834,-0.132906861
Karlan Grant,2018.5,Attack,FALSE,-0.984286921,-0.576879923,-0.105329658,-0.520759542,-0.486690124,-0.313669439,-1.158572513,-0.489966892,-0.052261415,-0.454783245,-1.000554453,-0.317341872,-0.369860464,0.247187825,-0.995140522,-0.304178446,-0.118691849,0.270588486,-0.601065707,0.087592532,-0.268637734,1.706495478,-0.158428239,-0.412795689,0.04843797,0.149527649,0.046334586,0.144942544
Keane Lewis Potter,2020.5,Midfield,FALSE,-0.0243234,-0.894985098,0.076640646,-0.413782061,-0.502426162,-0.352812,-0.756810376,-0.489966892,0.003990872,-0.415907831,-0.74960842,-0.317341872,-0.111045577,1.612542916,-0.840183835,-0.129349669,-0.09785884,-0.314178341,-0.586379121,-0.138692781,-0.150208503,0.185041678,-0.189909683,-0.429476097,0.058820724,0.034962893,0.062926695,-0.003497549
Ki Jana Hoever,2019,Defense,FALSE,0.023674776,3.042316692,-0.287299962,0.121105342,0.38193915,-0.176670477,-0.120686993,-0.489966892,-0.199923669,-0.37217299,1.090662488,-0.317341872,-0.473386419,-2.09334486,2.115061562,-0.449869093,-0.243689906,-0.446222464,1.515951901,-0.155050755,-0.255102965,-0.575685221,-0.341020614,0.634700211,-0.224345291,-0.270543124,-0.358512879,-0.205223829
Kristoffer Vassbakk Ajer,2020,Defense,FALSE,0.647651064,0.689538793,-0.112911754,-0.365155934,-0.107451619,-0.294098159,0.800017903,1.30792815,-0.333522851,0.33730332,-0.30746541,-0.317341872,-0.395741952,1.050431814,0.642973031,-0.187625928,-0.281189324,-0.691447263,1.19535448,-0.291367208,-0.319393119,-0.575685221,-0.35990948,0.408756508,-0.208299217,-0.213260746,-0.300440497,-0.266122329
Leander Dendoncker,2017.5,Midfield,FALSE,-1.752257737,0.275401867,-0.241807386,0.510114363,0.026304701,-0.211898781,0.180634609,-0.489966892,-0.136639846,-0.051450823,0.170527034,-0.317341872,-0.24045302,-0.300817269,-0.607748803,-0.333316575,-0.25202311,-0.615993478,-0.217065221,-0.179587717,-0.248335581,-0.575685221,-0.353613192,-0.214315688,-0.113910545,-0.155978368,-0.129541772,-0.08342683
Leandro Bacuna,2016.5,Midfield,FALSE,-0.840292393,-0.45083825,-0.19631481,0.023853087,-0.249075957,0.046442119,0.649357102,1.907226497,-0.368680531,-0.041731969,0.3497742,1.345192538,0.303058243,0.348325239,0.631904696,-0.158487799,-0.143691461,-0.163270773,-0.098856116,-0.182314046,-0.258486658,-0.575685221,-0.278057726,-0.073458912,-0.249830233,-0.232354872,-0.180977311,-0.220448454
Leandro Trossard,2017.5,Attack,TRUE,1.463620057,-0.714925565,0.099386934,-0.015047815,-0.227045504,-0.15318494,-0.137427082,-0.489966892,0.003990872,-0.104904517,-0.164067677,-0.317341872,-0.318097486,0.401821608,0.084022123,0.016340978,0.13963747,0.006500242,-0.213483127,0.106676835,-0.045314042,-0.575685221,-0.145835662,-0.13091365,0.047494084,0.006321704,0.122658289,0.084044044
Lewis Obrien,2020.5,Midfield,TRUE,-0.168317928,-0.522862063,-0.203896906,0.296159401,0.054629568,-0.121870892,-0.187647349,0.708629803,-0.122576774,0.308146759,0.146627412,-0.317341872,-0.03340111,1.722729468,-0.474928786,-0.216764057,-0.09785884,-0.729174155,-0.078796389,-0.040544934,0.096801036,0.945768578,0.200460221,-0.093172121,-0.203579784,-0.19416662,-0.182636521,-0.182386892
Lisandro Martinez,2020.5,Defense,TRUE,1.799607289,0.605511011,-0.211479002,-0.442957738,-0.030345035,-0.184498989,1.285480485,-0.489966892,-0.305396708,0.864551125,0.01517949,-0.317341872,0.044243356,-0.241465576,1.661259834,-0.158487799,-0.277022722,-0.65372037,1.573265406,-0.291367208,-0.366764812,-0.575685221,-0.290650304,0.646494439,-0.184702049,-0.175072494,-0.078106233,-0.182386892
Lloyd Kelly,2017.5,Defense,FALSE,-0.936288745,0.851592373,-0.340374634,-0.423507287,0.082954436,-0.376297536,-0.371788329,-0.489966892,-0.206955205,0.157504529,-0.247716354,-0.317341872,-0.214571531,-0.605027965,0.023146281,-0.245902187,-0.385354371,-0.050090097,-0.272945888,-0.187766704,-0.163743273,-0.575685221,-0.10176164,-0.015667197,-0.318733963,-0.184619557,-0.292144442,-0.239479235
Luis Diaz,2019.5,Attack,TRUE,-0.600301512,-0.546870001,0.137297414,0.004402636,0.117573719,0.453524751,-0.488968952,-0.489966892,0.243063092,0.074894274,-0.403063899,-0.317341872,-0.343978975,-0.374541121,-0.364245437,0.074617237,-0.085359034,-0.804627939,-0.224229409,0.013981647,0.259218267,1.326132028,0.823792811,-0.207744618,0.10035174,0.034962893,0.043016164,0.004114763
Luis Sinisterra,2020.5,Attack,FALSE,1.319625529,-0.030699339,-0.059837082,0.140555793,0.202548321,-0.200156013,-0.773550465,-0.489966892,0.088369302,-0.07088853,-0.462812954,-0.317341872,-0.136927065,-0.257966944,-0.331040433,0.482551049,0.256302323,-0.55940314,0.014338058,0.084866203,-0.112987888,0.945768578,1.195273849,-0.058463394,0.274970783,0.054057019,0.046334586,0.065013263
Luke Freeman,2017.5,Midfield,FALSE,0.359662008,-0.768943425,0.167625798,-0.015047815,-0.105878015,-0.074899819,-0.00350637,0.109331455,0.060243159,0.247403924,-0.283565788,-0.317341872,-0.111045577,1.869112567,-0.474928786,0.162031625,0.4229664,3.345330194,-0.353901215,0.335688477,-0.045314042,-0.195321772,0.609718992,-0.075986247,-0.127124959,-0.127337179,0.021446422,-0.079620673
Marc Roca,2020.5,Midfield,TRUE,-1.272275977,-0.594885876,0.228282566,0.850497256,-0.448923634,0.500495824,0.331295411,-0.489966892,0.060243159,0.121058828,0.313924767,-0.317341872,0.199532288,-1.895860752,0.443743004,-0.449869093,-0.193690684,-0.238724557,0.877264524,-0.187766704,-0.224649734,-0.575685221,-0.347316903,0.262845063,-0.183758162,-0.270543124,-0.131200983,-0.186193048
Marcos Senesi,2020.5,Defense,TRUE,0.935640121,0.341423696,-0.325210442,0.140555793,-0.083847562,-0.121870892,1.854643512,1.907226497,-0.340554387,0.699330614,0.540971178,-0.317341872,-0.111045577,0.701241584,1.484166477,-0.275040316,-0.347854954,-0.936672061,0.943533265,-0.340441131,-0.353230042,-0.575685221,-0.460650101,0.354166083,-0.224345291,-0.19416662,-0.255641802,-0.262316172
Marcus Tavernier,2020.5,Midfield,TRUE,0.119671128,-0.258774748,0.10696903,-0.024773041,0.020010286,-0.172756221,-0.656369842,-0.489966892,0.088369302,0.118629115,0.062978734,-0.317341872,-0.111045577,1.063739369,-0.718432152,-0.041935281,0.106304654,0.77990153,-0.27796082,0.019434305,0.056196728,0.185041678,-0.057687619,-0.113896264,-0.045006815,-0.155978368,-0.01837464,-0.075814517
Marvelous Nakamba,2017.5,Midfield,FALSE,0.263665656,-0.534866032,-0.203896906,0.023853087,-0.110598826,-0.00444321,0.046713897,1.907226497,-0.066324487,0.142926248,0.301974956,1.345192538,-0.007519622,-0.501495191,-0.159481243,-0.333316575,-0.206190489,-0.333041788,-0.015393323,-0.127787464,-0.001326042,-0.575685221,-0.403983502,-0.155176061,-0.208299217,-0.213260746,-0.180977311,-0.182386892
Matheus Nunes,2020.5,Midfield,TRUE,-0.648299688,-0.570877939,-0.211479002,-0.11230007,0.235594,0.156041289,-0.087206815,1.907226497,-0.0100722,0.288709052,-0.259666165,-0.317341872,0.173650799,-0.152571112,0.222376308,-0.129349669,-0.27285612,-0.766901047,0.12180088,0.052150254,0.421635498,-0.575685221,0.823792811,-0.022912222,-0.169599862,-0.117790116,-0.199228631,-0.216642298
Matheus Pereira,2018.5,Midfield,TRUE,1.031636473,-0.834965254,0.091804838,0.179456695,0.098690473,0.109070216,-0.271347794,-0.489966892,0.032117015,0.283849625,-0.367214465,1.345192538,-0.007519622,0.264753797,-0.192686248,0.39513666,0.302134944,0.364905717,-0.145423339,0.03579228,0.546832114,1.706495478,0.584533837,-0.062507129,-0.148834354,-0.060507737,0.062926695,-0.007303705
Matthew Pollock,2019.5,Defense,TRUE,-0.50430516,2.646185719,-0.27213577,-0.588836121,0.265492472,-0.102299611,0.917198527,-0.489966892,-0.375712067,-0.277414168,-0.391114087,-0.317341872,-0.188690043,-0.428835944,0.997159745,-0.449869093,-0.460353206,-0.634856924,-0.285841427,-0.416778345,-0.322776812,-0.575685221,-0.863612583,-0.174046825,-0.257381327,-0.213260746,-0.25232338,-0.262316172
Matty Cash,2018,Defense,TRUE,-1.080283273,0.281403851,0.175207894,0.150281019,0.152193001,0.0660134,-0.053726637,-0.489966892,-0.305396708,-0.321149009,0.421473067,-0.317341872,-0.085164088,0.403152364,-0.939798848,-0.333316575,-0.089525636,-0.050090097,-0.596050775,0.095771519,-0.008093426,0.945768578,-0.019909886,-0.22695236,-0.090313377,-0.060507737,0.028083266,-0.11387608
Max Lowe,2018.5,Defense,TRUE,-1.176279625,-0.336800546,-0.287299962,-0.092849619,0.060923983,-0.008357466,1.486361554,0.708629803,-0.277270564,-0.282273595,1.712052665,0.513925333,0.458347175,-0.831256392,-0.275698759,-0.391592834,-0.214523693,0.025363688,-0.30231906,-0.070534554,-0.336311581,-0.575685221,0.225645376,0.03538496,-0.270595741,-0.270543124,-0.315373395,-0.247091547
Maximilian Wober,2020.5,Defense,TRUE,0.45565836,1.517812645,-0.241807386,-0.316529806,0.026304701,-0.184498989,1.687242622,-0.489966892,-0.375712067,0.570555805,-0.020669944,-0.317341872,0.044243356,-0.364959682,1.805148187,-0.391592834,-0.368687964,-0.502812802,0.828906254,-0.405873029,-0.373532196,0.185041678,-0.832131139,0.315245132,-0.263044647,-0.175072494,-0.219139162,-0.186193048
Michael Olise,2019.5,Midfield,TRUE,0.45565836,-0.738933503,0.015983878,0.198907146,-0.039786657,-0.282355391,-0.35504824,-0.489966892,0.018053944,0.104050834,-0.271615976,-0.317341872,-0.369860464,0.15084113,0.327525489,0.132893496,0.247969119,1.289214574,0.030099272,-0.195945691,0.242299805,-0.575685221,0.294904553,-0.005052392,-0.222457518,-0.175072494,-0.078106233,-0.117682236
Moussa Djenepo,2018,Midfield,FALSE,-0.936288745,-0.696919612,-0.052254986,-0.316529806,0.281228509,0.19518385,-0.723330198,-0.489966892,0.10946391,-0.328438149,0.278075334,1.345192538,0.303058243,0.056091342,-0.757171323,-0.187625928,-0.002026996,-0.634856924,-0.578140305,0.177561391,0.452088729,2.847585828,0.735644768,-0.378929407,0.177750451,0.054057019,-0.033307538,0.000308607
Nahuel Lautaro Bustos,2019,Attack,FALSE,-0.552303336,-0.888983114,-0.052254986,-0.083124394,-0.474101294,-0.15318494,-1.443154027,-0.489966892,-0.024135272,-0.712332864,-0.96470502,-0.317341872,-0.318097486,-0.492179903,-0.923196346,0.045479107,-0.127025053,-0.446222464,-0.765483826,-0.073260883,-0.140057427,1.706495478,-0.045095041,-0.51860676,-0.005363573,0.216357091,0.147546453,0.171585637
Nathan Patterson,2020,Defense,FALSE,-0.50430516,0.209380038,-0.249389482,-0.608286572,-0.120040449,-0.274526879,-0.036986548,-0.489966892,-0.066324487,0.130777681,-0.09236881,-0.317341872,-0.473386419,-1.810160101,-0.646487975,-0.449869093,-0.131191655,0.402632609,0.04335302,-0.427683662,-0.302474658,-0.575685221,-0.265465149,0.079192091,-0.171487635,-0.270543124,-0.273893122,-0.079620673
Neal Maupay,2017.5,Attack,FALSE,0.263665656,6.84157284,11.67724753,11.20786243,11.6662517,11.76181054,5.303101853,-0.489966892,11.75368735,11.25643529,9.228483843,-0.317341872,11.6391503,1.022219799,6.951923877,11.43848771,11.63112554,-0.333041788,10.58294847,11.8189865,11.59797122,0.945768578,9.223042046,11.74823239,11.87156302,11.89241519,11.88812296,11.92499607
Nikola Vlasic,2019.5,Midfield,FALSE,2.183592698,-0.798953347,0.48607383,-0.063673943,-0.244355146,-0.117956636,-1.192052691,-0.489966892,0.186810805,-0.165647352,-0.510612198,-0.317341872,-0.214571531,0.424976753,-0.640953808,0.074617237,0.677129116,0.893082206,0.041203763,0.139392784,-0.058848811,-0.575685221,0.41453404,-0.004209947,0.184357658,0.130433523,0.271987272,0.251514918
Noni Madueke,2020.5,Attack,FALSE,0.119671128,-0.714925565,0.137297414,-0.053948717,0.139604171,-0.274526879,-1.024651801,-0.489966892,0.404788418,-0.226390187,-0.486712576,-0.317341872,-0.369860464,-1.239532164,-1.000674689,0.599103566,0.056305431,-0.295314895,-0.146139758,0.365678096,-0.07238358,4.749403077,1.730458395,-0.04127752,0.368415568,0.206810028,0.182389882,0.300994949
Nuno Tavares,2019.5,Defense,FALSE,-0.888290569,-0.024697355,-0.165986426,-0.083124394,0.111279304,0.359582605,-0.288087884,-0.489966892,-0.206955205,0.106480548,0.218326278,-0.317341872,0.303058243,-1.357703248,0.017612114,0.132893496,-0.002026996,2.364430999,0.134696419,-0.005102656,-0.014860811,-0.575685221,0.112312178,0.326702382,-0.183758162,-0.222807809,-0.210843107,-0.212836141
Odsonne Edouard,2020,Attack,TRUE,1.607614585,-0.55887397,0.432999158,-0.549935219,-0.338771371,-0.270612622,-1.476634205,-0.489966892,0.025085479,-0.894561369,-1.120052564,-0.317341872,-0.369860464,0.302014949,-1.033879694,-0.012797151,0.056305431,-0.955535507,-0.451334174,0.232087972,-0.170510657,2.467222378,0.332682286,-0.315240578,0.512830236,0.388204225,0.343333342,0.453241198
Oliver Mcburnie,2017.5,Attack,FALSE,0.263665656,2.063993229,-0.12049385,-0.180376649,0.359908697,-0.055328539,-0.622889664,-0.489966892,-0.192892133,-0.571409488,-0.343314843,-0.317341872,-0.318097486,-0.229222626,-0.546872962,0.191169755,-0.193690684,-0.333041788,-0.411931139,0.185740378,0.008825035,-0.575685221,-0.485835256,-0.309174975,0.063540158,0.006321704,-0.033307538,0.065013263
Ollie Watkins,2018.5,Attack,TRUE,0.551654712,-0.000689417,0.205536278,-0.229002777,-0.209735863,-0.055328539,-1.125092335,0.708629803,-0.108513703,-0.65887917,-0.713758987,-0.317341872,-0.162808554,1.673225365,-0.862320504,-0.10021154,0.181303489,-0.615993478,-0.401901276,0.06305557,-0.025011888,0.945768578,-0.278057726,-0.309680442,0.175862678,0.130433523,0.086155648,0.065013263
Pablo Mari,2018.5,Defense,FALSE,0.839643769,0.50947926,-0.340374634,-0.365155934,-0.304152088,-0.094471099,0.013233719,-0.489966892,-0.298365172,0.147785675,-0.343314843,0.513925333,-0.136927065,-0.439481987,2.092924892,-0.449869093,-0.368687964,-0.691447263,0.86759287,-0.394967713,-0.30585835,-0.575685221,-0.479538967,0.21937491,-0.254549666,-0.241901935,-0.318691817,-0.231866923
Pape Sarr,2020,Midfield,FALSE,0.311663832,-0.34280253,-0.097747562,0.140555793,-0.038213053,-0.020100234,0.833498082,-0.489966892,-0.101482167,0.480656409,0.660469289,-0.317341872,0.251295265,-0.493244508,0.703848873,-0.449869093,-0.177024276,-0.917808615,0.398338544,-0.288640879,-0.082534657,-0.575685221,-0.25916886,0.058636437,-0.287585702,-0.108243053,-0.068150968,-0.151937642
Patson Daka,2019.5,Attack,FALSE,1.319625529,-0.192752919,0.053894358,-0.462408189,-0.277400825,-0.047500026,-1.141832424,-0.489966892,0.22900002,-0.65887917,-0.701809176,-0.317341872,-0.214571531,-0.148844997,-0.928730513,0.249446013,0.047972227,-0.65372037,-0.703155389,-0.029639618,-0.035162965,1.326132028,-0.385094636,-0.410099866,0.420329338,0.865557377,0.388132037,0.571232041
Paul Onuachu,2020.5,Attack,FALSE,1.511618233,1.937951556,0.076640646,-0.56938567,0.230873189,0.054270631,-1.37619367,-0.489966892,0.081337767,-0.702614011,-0.845206909,-0.317341872,-0.059282599,-0.570428324,-0.430655446,0.278584143,-0.068692626,-0.351905234,-0.616826921,0.346593793,-0.068999888,1.326132028,-0.334724325,-0.427454229,0.311782365,0.483674856,0.341674131,0.270545699
Philip Billing,2017.5,Midfield,TRUE,0.167669304,0.815580466,-0.128075946,0.432312559,0.204121925,0.050356375,1.88812369,3.105823192,-0.171797526,0.575415232,0.911415322,-0.317341872,0.35482122,-0.618867822,0.189171304,-0.449869093,-0.322855343,-0.46508591,0.010755964,-0.152324426,-0.231417119,-0.575685221,-0.498427834,0.014997795,-0.147890467,-0.232354872,-0.146133881,-0.209029985
Philippe Sandler,2016.5,Defense,FALSE,-0.984286921,-0.258774748,-0.256971578,-0.306804581,-0.230192712,-0.204070269,0.816757992,-0.489966892,-0.319459779,-0.066029103,0.086878356,-0.317341872,-0.059282599,-0.045046072,1.196389772,-0.333316575,-0.293689129,-0.578266586,0.265801063,-0.25865126,-0.177278042,-0.575685221,-0.372502058,0.018030596,-0.243223026,-0.232354872,-0.222457584,-0.231866923
Rasmus Kristensen,2020.5,Defense,FALSE,0.359662008,0.287405836,-0.19631481,-0.170651423,-0.129482071,-0.278441135,0.465216123,0.708629803,-0.024135272,0.330014179,-0.080418999,-0.317341872,-0.318097486,0.398893946,1.1576506,-0.158487799,-0.102025441,0.383769163,0.108188923,-0.28591455,-0.353230042,0.185041678,-0.164724528,0.316256066,-0.011026893,-0.09869599,-0.147793092,-0.16335611
Raul Jimenez,2017.5,Attack,TRUE,0.359662008,0.911612217,0.175207894,-0.48185864,0.001127041,0.011213815,-0.790290554,-0.489966892,0.130558518,-0.440204965,-0.606210687,-0.317341872,0.044243356,-0.012575639,-0.585612134,0.657379825,0.185470091,-0.729174155,-0.396528135,0.09304519,-0.058848811,0.185041678,-0.448057523,-0.258628286,0.253261389,0.168621776,0.278624116,0.224871825
Rhian Brewster,2019,Attack,FALSE,-0.0243234,0.071334396,-0.19631481,-0.540209993,-0.170395769,0.081670424,-1.275753136,-0.489966892,-0.122576774,-0.79494312,-0.916905776,-0.317341872,0.35482122,-0.410205367,-0.995140522,-0.449869093,-0.327021945,-0.446222464,-0.810976421,-0.119608477,0.096801036,-0.575685221,-0.35990948,-0.548934774,-0.108247225,0.24499828,0.07122275,0.106880982
Ricardo Pereira,2016.5,Defense,TRUE,1.223629177,-0.498854125,-0.279717866,0.237808048,0.150619397,0.022956583,1.000898972,-0.489966892,-0.192892133,-0.051450823,1.783751532,-0.317341872,-0.214571531,0.114644582,-0.20928875,0.016340978,0.002139606,-0.068953543,0.21923384,-0.11142949,-0.07238358,0.185041678,0.093423312,0.168154265,-0.151666014,-0.19416662,-0.227435216,-0.209029985
Ruben Dias,2018.5,Defense,TRUE,0.167669304,0.581503073,-0.355538826,-0.637462248,-0.244355146,-0.047500026,-0.187647349,3.105823192,-0.417901282,-0.131631365,-0.152117866,-0.317341872,0.147769311,0.918420874,1.572713156,-0.333316575,-0.427020391,-0.597130032,0.747950928,-0.397694042,-0.336311581,0.185041678,-0.813242273,0.120134909,-0.246998573,-0.19416662,-0.260619435,-0.247091547
Ryan Babel,2016,Attack,FALSE,-0.50430516,0.581503073,0.046312262,-0.063673943,-0.096436392,0.308697276,0.16389452,-0.489966892,0.10946391,-0.09275595,-0.140168054,-0.317341872,0.76892504,-1.594045416,-0.851252169,0.016340978,-0.352021556,-0.427359018,-0.439513264,0.098497848,-0.343078965,-0.575685221,-0.089169063,-0.351971173,-0.164880428,0.34046891,-0.011737796,0.106880982
Said Benrahma,2018.5,Midfield,TRUE,2.039598169,-1.051036693,0.41025287,0.023853087,-0.079126751,-0.24321283,-1.125092335,-0.489966892,-0.038198344,-0.289562735,-0.462812954,0.513925333,-0.214571531,1.003589223,-0.607748803,0.599103566,0.610463486,1.704210387,-0.161900972,0.270256579,-0.099453119,0.185041678,1.201570138,0.027129,0.158872717,0.111339397,0.323422811,0.243902606
Sander Berge,2017.5,Midfield,FALSE,1.895603641,-0.174746966,-0.143240138,-0.316529806,-0.148365316,-0.141442172,-0.304827973,-0.489966892,-0.16476599,-0.049021109,-0.020669944,-0.317341872,-0.162808554,0.07498807,0.820066388,-0.158487799,-0.143691461,-0.483949356,0.121084462,-0.067808225,-0.194196504,-0.575685221,-0.171020817,-0.092835143,-0.151666014,-0.213260746,-0.154429936,-0.174774579
Sekou Mara,2020.5,Attack,FALSE,-1.080283273,1.661860272,-0.037090794,1.045001766,0.414984829,0.390896654,-1.225532869,-0.489966892,0.032117015,-0.639441463,-0.343314843,-0.317341872,-0.214571531,-1.591916207,-0.928730513,0.715656084,-0.239523305,-0.597130032,-0.72034944,-0.152324426,0.117103189,1.326132028,-0.20879855,-0.42576934,0.002187521,0.206810028,0.08947407,0.308607262
Sepp Van Den Berg,2017.5,Defense,FALSE,-1.656261385,-0.360808483,-0.226643194,-0.277628904,-0.398568314,-0.266698366,0.080194075,-0.489966892,-0.073356023,0.186661089,0.3497742,-0.317341872,0.044243356,-1.462034475,0.53782385,-0.158487799,-0.410353983,-0.502812802,0.43129381,-0.386788726,-0.359997427,-0.575685221,-0.492131545,0.016345707,-0.269651854,-0.270543124,-0.26891549,-0.178580735
Serge Aurier,2020.5,Defense,TRUE,-0.408308808,0.029320505,-0.279717866,-0.034498266,-0.104304411,-0.055328539,-0.020246459,4.304419887,-0.326491315,-0.022294262,0.290025145,-0.317341872,-0.007519622,-0.799318261,-0.386382107,-0.07107341,-0.227023499,0.100817472,0.303054841,-0.193219362,-0.326160504,-0.575685221,-0.20879855,0.179274536,-0.19602869,-0.213260746,-0.205865474,-0.22425461
Sergio Gomez,2020.5,Defense,FALSE,0.45565836,-0.654905721,-0.150822234,-0.015047815,-0.260091183,-0.282355391,0.783277814,-0.489966892,-0.206955205,0.104050834,-0.020669944,-0.317341872,-0.162808554,-0.007252617,-0.18715208,0.162031625,0.2063031,1.40239525,0.188427831,-0.223208982,-0.272021427,0.185041678,-0.007317309,0.212466863,-0.205467557,-0.19416662,-0.156089147,-0.197611517
Simon Adingra,2020.5,Attack,TRUE,-0.120319752,-0.672911674,0.038730166,0.111380117,0.285949321,0.167784058,-0.840510822,-0.489966892,0.62276603,0.504953543,0.684368911,-0.317341872,0.56187313,-1.140523958,-0.707363817,-0.216764057,0.09797145,-0.37076868,-0.438438635,0.234814301,-0.018244503,-0.575685221,1.251940448,-0.136642274,0.377854435,0.474127793,0.08947407,0.2096472
Steven Bergwijn,2017.5,Attack,FALSE,1.703610937,-1.099052569,0.235864662,-0.073399168,-0.127908468,-0.258869854,-1.275753136,-0.489966892,-0.122576774,-0.296851875,-0.546461632,-0.317341872,-0.03340111,0.487256108,-0.851252169,0.540827308,0.364633973,-0.087816989,-0.245005555,0.188466707,-0.082534657,0.945768578,1.088236939,-0.195444923,0.164536037,0.092245271,0.149205663,0.160167169
Sung Yueng Ki,2016.5,Midfield,FALSE,-0.696297864,-0.943000974,-0.27213577,-0.267903679,-0.505573369,-0.231470062,0.783277814,-0.489966892,-0.228049813,-0.024723975,-0.032619755,-0.317341872,-0.059282599,-0.509213573,0.620836361,-0.216764057,-0.18535748,0.119680918,0.197383066,-0.212303665,-0.17389435,-0.575685221,-0.636946187,-0.149447436,-0.276259061,-0.222807809,-0.225776005,-0.25470386
Taiwo Awoniyi,2020.5,Attack,FALSE,-1.080283273,0.173368132,-0.226643194,-0.267903679,-0.269532806,-0.090556843,-1.493374294,-0.489966892,0.102432374,-0.585987768,-1.012504264,-0.317341872,-0.421623441,-0.291501981,-1.050482196,-0.216764057,-0.047859617,-0.578266586,-0.752946497,0.06305557,-0.177278042,1.706495478,-0.183613394,-0.480359765,0.121117248,0.178168839,0.033060899,0.0878502
Takumi Minamino,2017.5,Midfield,FALSE,-0.50430516,-0.630897783,0.046312262,0.091929666,-0.35922822,-0.000528954,-0.321568062,-0.489966892,0.130558518,-0.362454136,1.735952287,-0.317341872,-0.266334509,-1.226224609,-0.524736292,-0.158487799,0.31463475,-0.578266586,-0.462080456,0.368404426,-0.258486658,0.185041678,-0.271761437,-0.34422068,0.016345822,-0.117790116,-0.016715429,0.026951701
Terence Kongolo,2018.5,Defense,FALSE,-1.320274153,0.113348287,-0.34795673,-0.190101874,-0.083847562,-0.204070269,1.436141287,3.105823192,-0.199923669,-0.52281522,0.517071556,-0.317341872,-0.318097486,-0.271274498,-0.165015411,-0.275040316,-0.385354371,-0.729174155,-0.101721791,-0.384062397,-0.194196504,-0.575685221,-0.737686807,-0.061327707,-0.271539627,-0.251448998,-0.295462864,-0.262316172
Tosin Adarabioyo,2018.5,Defense,TRUE,-0.120319752,1.013645953,-0.408613498,-0.423507287,-0.102730807,-0.360640512,1.235260218,2.506524845,-0.340554387,0.091902267,-0.080418999,-0.317341872,-0.318097486,0.470222438,0.897544732,-0.275040316,-0.435353594,-0.615993478,0.15260689,-0.321356828,-0.471659273,-0.575685221,-0.555094433,0.0011817,-0.289473475,-0.232354872,-0.275552333,-0.25470386
Trezeguet,2017.5,Attack,FALSE,0.647651064,-0.588883892,0.099386934,-0.034498266,-0.072832336,-0.102299611,-0.254607705,-0.489966892,-0.038198344,-0.131631365,-0.319415221,-0.317341872,-0.24045302,0.542349384,-0.480462953,0.074617237,0.135470868,0.798764976,-0.276169773,0.103950506,-0.038546657,0.565405128,0.46490435,-0.078345092,0.054101291,-0.079601863,0.119339867,0.072625576
Tyler Adams,2020.5,Midfield,TRUE,-0.552303336,-0.45083825,-0.370703018,0.062753989,-0.278974428,-0.047500026,0.3480355,-0.489966892,-0.094450631,0.34459246,-0.319415221,-0.317341872,0.147769311,-0.487389184,-0.3365746,-0.275040316,-0.314522139,-0.521676248,0.686338909,-0.253198601,-0.153592196,-0.575685221,-0.397687213,0.199324723,-0.283810155,-0.251448998,-0.318691817,-0.216642298
Tyrell Malacia,2020.5,Defense,TRUE,0.071672952,-0.726929534,-0.165986426,-0.034498266,-0.145218109,-0.070985563,0.414995856,1.30792815,-0.256175956,0.22310679,0.409523256,0.513925333,-0.085164088,0.455317977,0.122761295,-0.216764057,-0.085359034,0.289451932,0.35821909,-0.018734302,-0.143441119,0.185041678,0.04934929,0.242794877,-0.148834354,-0.251448998,-0.157748358,-0.235673079
Victor Kristiansen,2020.5,Defense,TRUE,-1.272275977,-0.750937472,-0.165986426,0.004402636,-0.417451559,-0.239298574,-0.555929308,0.708629803,-0.347585923,0.099191407,0.230276089,-0.317341872,-0.188690043,-0.850951572,-0.331040433,0.191169755,-0.202023887,-0.125543881,-0.137184522,-0.209577336,-0.417520196,-0.575685221,-0.448057523,-0.007411238,-0.228120838,-0.270543124,-0.313714184,-0.281346954
Wilfried Gnonto,2020.5,Attack,TRUE,-0.888290569,-0.66690969,0.076640646,0.091929666,0.347319867,0.093413192,-0.924211267,-0.489966892,0.095400838,-0.202093053,-0.355264654,-0.317341872,0.458347175,-1.177785111,-0.740568821,0.540827308,0.072971839,0.06309058,-0.479632718,-0.010555315,0.844597037,2.467222378,0.502682083,-0.215158132,0.223057014,0.073151145,0.061267484,0.042176326
Willy Boly,2016.5,Defense,TRUE,1.319625529,0.485471322,-0.27213577,-0.238728002,-0.038213053,-0.121870892,0.883718349,-0.489966892,-0.319459779,0.082183414,0.194426656,-0.317341872,-0.214571531,0.586264313,0.233444643,-0.275040316,-0.277022722,-0.219861111,0.259711503,-0.234114298,-0.326160504,-0.575685221,-0.328428036,0.035890427,-0.260212987,-0.19416662,-0.235731271,-0.231866923
